case_id,radar_site,scan_time_utc,scan_filename,search_window,cluster_id,n_gates,cluster_center_lat_deg,cluster_center_lon_deg,cluster_center_alt_m,cluster_min_distance_to_expected_km,cluster_min_vertical_distance_m,cluster_max_reflectivity_dbz,cluster_mean_reflectivity_dbz,cluster_p95_reflectivity_dbz,cluster_velocity_mean_ms,cluster_spectrum_width_mean_ms,cluster_rhohv_mean,compactness_km,notes
k7uaz_20260322,KEMX,2026-03-22T18:49:37Z,KEMX20260322_184937_V06,loose,20260322_184937_loose_001,71482,32.25224157318926,-110.944550528726,2586.5832657172436,0.1948356423459373,0.0,27.5,2.760946811784785,10.0,-0.3993382540086536,3.092971291189365,0.7497197199139458,22.778872327747454,DBSCAN cluster
k7uaz_20260322,KEMX,2026-03-22T18:49:37Z,KEMX20260322_184937_V06,normal,20260322_184937_normal_001,17141,32.26560937671493,-110.95628780703346,2562.7846099994167,0.1948356423459373,0.0,25.0,2.1110203605390585,8.5,-1.2077138679015356,3.1289005363237443,0.7780841373992783,10.755242348042703,DBSCAN cluster
k7uaz_20260322,KEMX,2026-03-22T18:49:37Z,KEMX20260322_184937_V06,tight,20260322_184937_tight_001,4216,32.26893264583,-110.9591286255246,2552.3795066413663,0.1948356423459373,10.0,20.5,2.125474383301708,9.0,-0.8028673835125448,3.1196209016393444,0.7846608451791397,5.163509530842378,DBSCAN cluster
k7uaz_20260322,KEMX,2026-03-22T18:56:42Z,KEMX20260322_185642_V06,loose,20260322_185642_loose_001,70858,32.25249954380642,-110.94410640841896,2575.7418640097094,0.1773467732290779,0.0,27.0,2.5149383273589434,10.0,0.040706335991587066,3.1734276361935936,0.7586839117045324,22.71550025752555,DBSCAN cluster
k7uaz_20260322,KEMX,2026-03-22T18:56:42Z,KEMX20260322_185642_V06,normal,20260322_185642_normal_001,17029,32.26566186164426,-110.95653767028598,2557.1195020259556,0.1773467732290779,3.0,22.5,1.837747372129896,8.0,-1.0226267222854253,3.155957500632431,0.7902173288908324,10.596861513737382,DBSCAN cluster
k7uaz_20260322,KEMX,2026-03-22T18:56:42Z,KEMX20260322_185642_V06,tight,20260322_185642_tight_001,4200,32.26895602272442,-110.95914170647703,2546.342380952381,0.1773467732290779,94.0,22.0,2.018452380952381,8.0,-0.2975379779989523,3.089454354669465,0.8027887203206917,5.16158272160508,DBSCAN cluster
k7uaz_20260322,KEMX,2026-03-22T19:03:48Z,KEMX20260322_190348_V06,loose,20260322_190348_loose_001,70596,32.25270010800596,-110.94373829761639,2578.121550796079,0.1799102895927919,2.0,27.0,2.271722193892005,9.5,0.7539362490733877,3.189701213541821,0.7637340396331671,22.720076890212177,DBSCAN cluster
k7uaz_20260322,KEMX,2026-03-22T19:03:48Z,KEMX20260322_190348_V06,normal,20260322_190348_normal_001,16888,32.26571414691749,-110.956314626897,2552.2923969682615,0.1799102895927919,3.0,27.0,1.5385776882993842,8.0,-0.3211664482306684,3.263313221406086,0.789854694582099,10.605849785894268,DBSCAN cluster
k7uaz_20260322,KEMX,2026-03-22T19:03:48Z,KEMX20260322_190348_V06,tight,20260322_190348_tight_001,4189,32.268979441305994,-110.95911427758006,2545.1336834566723,0.1799102895927919,94.0,20.0,2.1188827882549535,8.5,0.20052910052910053,3.0974060349391213,0.8057888065554533,5.161934102062602,DBSCAN cluster
k7uaz_20260322,KEMX,2026-03-22T19:10:53Z,KEMX20260322_191053_V06,loose,20260322_191053_loose_001,70151,32.25241804365892,-110.94348109269725,2572.1969465866487,0.1823435894094233,2.0,32.0,1.8159755384812761,9.0,1.3977599515665204,3.185445298783072,0.7674398127464794,22.759987517209936,DBSCAN cluster
k7uaz_20260322,KEMX,2026-03-22T19:10:53Z,KEMX20260322_191053_V06,normal,20260322_191053_normal_001,16753,32.2658438177253,-110.95623294477195,2547.4235659284905,0.1823435894094233,3.0,24.5,1.1428400883423864,7.0,0.4918254289960816,3.2127127803296407,0.8063276859374923,10.59963486589673,DBSCAN cluster
k7uaz_20260322,KEMX,2026-03-22T19:10:53Z,KEMX20260322_191053_V06,tight,20260322_191053_tight_001,4194,32.26905067607595,-110.95913076954142,2546.6459227467813,0.1823435894094233,94.0,18.5,1.5165712923223653,7.0,0.5483610961848469,2.991138560687433,0.8190686881855287,5.1547545747634596,DBSCAN cluster
k7uaz_20260322,KEMX,2026-03-22T19:17:58Z,KEMX20260322_191758_V06,loose,20260322_191758_loose_001,69838,32.25163225950464,-110.94361219411037,2567.391491738022,0.1998888043626246,2.0,30.5,1.4598499384289356,8.5,1.7429223604387525,3.1527705455325146,0.774410865176892,22.924583813338867,DBSCAN cluster
k7uaz_20260322,KEMX,2026-03-22T19:17:58Z,KEMX20260322_191758_V06,normal,20260322_191758_normal_001,16790,32.26565952725623,-110.9564528441058,2548.475580702799,0.1998888043626246,3.0,26.0,0.8527397260273972,6.5,1.0914749661705008,3.072367529475539,0.8133427851564876,10.747224966041937,DBSCAN cluster
k7uaz_20260322,KEMX,2026-03-22T19:17:58Z,KEMX20260322_191758_V06,tight,20260322_191758_tight_001,4183,32.26908577624028,-110.9590976236051,2544.730576141525,0.1998888043626246,94.0,21.0,0.986134353334927,6.449999999999818,1.2531891292290627,2.762527839643653,0.8336323336313624,5.1536654652931535,DBSCAN cluster
k7uaz_20260322,KEMX,2026-03-22T19:17:58Z,KEMX20260322_191758_V06,tight,20260322_191758_tight_002,2,32.229474615028025,-110.95728795187182,4323.0,4.413622005248795,1976.0,-5.5,-5.75,-5.525,,,,0.12508444502540939,DBSCAN cluster
k7uaz_20260322,KEMX,2026-03-22T19:25:04Z,KEMX20260322_192504_V06,loose,20260322_192504_loose_001,75704,32.24796733768184,-110.88704707664117,2522.030222973687,0.0749589441306195,0.4000000000000909,27.0,0.8975615555320723,8.0,2.429368639894956,3.0759375855461264,0.7613996167905207,22.92666491753312,DBSCAN cluster
k7uaz_20260322,KEMX,2026-03-22T19:25:04Z,KEMX20260322_192504_V06,normal,20260322_192504_normal_001,17909,32.26528596284607,-110.89984851652017,2495.7682729353955,0.0749589441306195,0.4000000000000909,23.0,0.34183929867664303,6.0,1.6919543084181774,3.061071073558648,0.8065433718389674,10.748166942404366,DBSCAN cluster
k7uaz_20260322,KEMX,2026-03-22T19:25:04Z,KEMX20260322_192504_V06,normal,20260322_192504_normal_002,2,32.24108547309993,-110.84380547373345,5585.5,6.361768223132267,2852.4,-5.5,-6.25,-5.575,,,,0.12507214862978583,DBSCAN cluster
k7uaz_20260322,KEMX,2026-03-22T19:25:04Z,KEMX20260322_192504_V06,tight,20260322_192504_tight_001,4481,32.26920374281966,-110.90273713732793,2491.44208881946,0.0749589441306195,0.4000000000000909,21.5,0.6696049988841777,6.0,1.3767056530214425,2.9014634146341463,0.8402604267581535,5.15027419999827,DBSCAN cluster
k7uaz_20260322,KEMX,2026-03-22T19:32:08Z,KEMX20260322_193208_V06,loose,20260322_193208_loose_001,77928,32.26081873572297,-110.82867681675856,2517.7739451801663,0.1585244915492278,0.4000000000000909,40.5,0.43159069910686787,8.5,2.900679387489716,3.024606926590885,0.7466163479423473,23.613064776718463,DBSCAN cluster
k7uaz_20260322,KEMX,2026-03-22T19:32:08Z,KEMX20260322_193208_V06,normal,20260322_193208_normal_001,18653,32.28089512004398,-110.83886404632817,2495.583391411569,0.1585244915492278,2.599999999999909,31.0,0.48748190639575406,8.0,1.9197394439920903,3.1969026548672566,0.7702888984635524,10.787781929314972,DBSCAN cluster
k7uaz_20260322,KEMX,2026-03-22T19:32:08Z,KEMX20260322_193208_V06,normal,20260322_193208_normal_002,2,32.24261349963563,-110.93524335860553,6029.0,9.955114661369436,2814.6,-5.5,-6.0,-5.55,1.5,1.0,0.9566666483879089,0.1250996496273036,DBSCAN cluster
k7uaz_20260322,KEMX,2026-03-22T19:32:08Z,KEMX20260322_193208_V06,tight,20260322_193208_tight_001,4609,32.28540915286102,-110.84209092679686,2473.629203731829,0.1585244915492278,2.599999999999909,21.0,0.3207854198307659,5.299999999999727,1.1874122601778194,3.4644028103044495,0.8099162413921223,5.188572359109996,DBSCAN cluster
k7uaz_20260322,KEMX,2026-03-22T19:32:08Z,KEMX20260322_193208_V06,tight,20260322_193208_tight_002,5,32.28585815870335,-110.80882240159619,4225.2,2.9835182305307097,982.6,-1.5,-4.5,-2.1000000000000005,-3.3333333333333335,2.6666666666666665,,0.9391161382360013,DBSCAN cluster
k7uaz_20260322,KEMX,2026-03-22T19:32:08Z,KEMX20260322_193208_V06,tight,20260322_193208_tight_003,3,32.26903277297733,-110.87435687792983,5050.0,3.2601875681958226,1816.6,-2.0,-4.666666666666667,-2.3000000000000003,,0.0,,0.6956434582624278,DBSCAN cluster
k7uaz_20260322,KEMX,2026-03-22T19:32:08Z,KEMX20260322_193208_V06,tight,20260322_193208_tight_004,2,32.288392312917175,-110.83293590240189,5065.5,0.9342751151603832,1853.6,-3.0,-3.75,-3.075,1.75,8.0,,0.1251010491481018,DBSCAN cluster
k7uaz_20260322,KEMX,2026-03-22T19:39:14Z,KEMX20260322_193914_V06,loose,20260322_193914_loose_001,75533,32.28858147425267,-110.77072406690972,2541.5816530523084,0.0566700172307806,0.4666666666662422,47.0,0.20612844716878714,8.5,3.3294722222222224,2.837752946408717,0.7452048695297765,23.076452627328834,DBSCAN cluster
k7uaz_20260322,KEMX,2026-03-22T19:39:14Z,KEMX20260322_193914_V06,normal,20260322_193914_normal_001,18355,32.30747240234024,-110.77686027294611,2537.36311631708,0.0566700172307806,0.5333333333337578,47.0,1.420457640969763,9.5,2.082781071968376,3.2158826269212857,0.7125488635548716,10.917055331982986,DBSCAN cluster
k7uaz_20260322,KEMX,2026-03-22T19:39:14Z,KEMX20260322_193914_V06,tight,20260322_193914_tight_001,4627,32.313638045490734,-110.77947008878664,2520.0858007348174,0.0566700172307806,11.533333333333758,22.0,1.6827317916576616,9.5,1.3734485815602837,3.6586666666666665,0.7453820264310765,5.2003547112769,DBSCAN cluster
k7uaz_20260322,KEMX,2026-03-22T19:39:14Z,KEMX20260322_193914_V06,tight,20260322_193914_tight_002,2,32.30945925897571,-110.81377080997893,5177.5,3.200687205357148,1431.5333333333338,-1.5,-4.0,-1.7500000000000002,,0.0,1.0516666173934937,0.1251010491473262,DBSCAN cluster
k7uaz_20260322,KEMX,2026-03-22T19:39:14Z,KEMX20260322_193914_V06,tight,20260322_193914_tight_003,2,32.28258351411421,-110.7574142696827,4842.5,4.063077946380511,1096.5333333333338,-4.5,-5.75,-4.625,,,,0.12510494850008935,DBSCAN cluster
k7uaz_20260322,KEMX,2026-03-22T19:46:20Z,KEMX20260322_194620_V06,loose,20260322_194620_loose_001,69045,32.31644611378612,-110.72035045974731,2581.019523499167,0.1589128577425982,0.6666666666669698,38.5,0.1252226808603085,8.5,3.4338163181372394,2.876673009831906,0.7330041013611286,22.998953578250745,DBSCAN cluster
k7uaz_20260322,KEMX,2026-03-22T19:46:20Z,KEMX20260322_194620_V06,normal,20260322_194620_normal_001,17002,32.33350117938501,-110.72084827875739,2590.733854840607,0.1589128577425982,11.33333333333303,38.5,2.0770497588518997,11.5,2.7113248966942147,3.131154995452774,0.6761811937506303,11.660482265880317,DBSCAN cluster
k7uaz_20260322,KEMX,2026-03-22T19:46:20Z,KEMX20260322_194620_V06,tight,20260322_194620_tight_001,3432,32.343435497889146,-110.7236819413945,2697.665501165501,0.1589128577425982,107.66666666666696,38.5,3.8723776223776225,13.0,2.4092548076923075,3.4029896278218428,0.6437983994705259,5.142085687376783,DBSCAN cluster
k7uaz_20260322,KEMX,2026-03-22T19:46:20Z,KEMX20260322_194620_V06,tight,20260322_194620_tight_002,2,32.321490451999125,-110.67837486098574,5982.0,4.801664282270703,1793.333333333333,-7.0,-7.25,-7.025,,,,0.1250996496226284,DBSCAN cluster
k7uaz_20260322,KEMX,2026-03-22T19:53:25Z,KEMX20260322_195325_V06,loose,20260322_195325_loose_001,65239,32.31976300316725,-110.68938944053308,2591.246064470639,0.1200300558549582,2.296296296296532,42.0,-0.2134229525283956,8.5,3.592884207598985,2.900271985494107,0.7412409557125211,23.120747963522504,DBSCAN cluster
k7uaz_20260322,KEMX,2026-03-22T19:53:25Z,KEMX20260322_195325_V06,normal,20260322_195325_normal_001,17261,32.33912957861105,-110.68252134541103,2587.565204796941,0.1200300558549582,2.296296296296532,42.0,1.3978622327790975,11.0,3.214213326577147,2.979781281790437,0.6822095031444994,11.476985396483045,DBSCAN cluster
k7uaz_20260322,KEMX,2026-03-22T19:53:25Z,KEMX20260322_195325_V06,tight,20260322_195325_tight_001,1790,32.3454247164685,-110.6848645828664,2993.578212290503,0.1200300558549582,253.29629629629653,17.0,2.4002793296089386,8.5,3.188161693936477,2.640595009596929,0.6686116684751695,5.602514761190628,DBSCAN cluster
k7uaz_20260322,KEMX,2026-03-22T19:53:25Z,KEMX20260322_195325_V06,tight,20260322_195325_tight_002,2,32.35441354160898,-110.7308361527673,5383.0,4.355751239343994,672.7037037037035,-1.5,-2.75,-1.625,,2.0,1.0516666173934937,0.12505822280893508,DBSCAN cluster
k7uaz_20260322,KEMX,2026-03-22T19:53:25Z,KEMX20260322_195325_V06,tight,20260322_195325_tight_003,2,32.37823480328048,-110.7053542597481,5552.5,3.8046642513507063,841.7037037037035,-2.0,-3.25,-2.125,,,,0.1250874014118727,DBSCAN cluster
k7uaz_20260322,KEMX,2026-03-22T19:53:25Z,KEMX20260322_195325_V06,tight,20260322_195325_tight_004,2,32.32596800007254,-110.65213842431466,5084.0,3.812770546339805,373.70370370370347,-5.5,-5.5,-5.5,1.0,0.75,0.9383333027362823,0.1250679740735617,DBSCAN cluster
k7uaz_20260322,KEMX,2026-03-22T19:53:25Z,KEMX20260322_195325_V06,tight,20260322_195325_tight_005,7,32.3768229356534,-110.65194183465405,6247.428571428572,4.19644143009597,841.7037037037035,-3.0,-4.357142857142857,-3.3000000000000007,0.0,2.25,,1.1247373836156163,DBSCAN cluster
k7uaz_20260322,KEMX,2026-03-22T19:53:25Z,KEMX20260322_195325_V06,tight,20260322_195325_tight_006,10,32.36838248352624,-110.6819377870916,6475.9,0.7240811631039858,1621.7037037037037,0.0,-3.8,-0.22500000000000053,0.2857142857142857,0.7857142857142857,1.043666625022888,1.6348396222508628,DBSCAN cluster
k7uaz_20260322,KEMX,2026-03-22T19:53:25Z,KEMX20260322_195325_V06,tight,20260322_195325_tight_007,2,32.32934258294691,-110.66138099596017,6053.0,2.8991944637836693,1339.7037037037037,-5.5,-5.75,-5.525,,,,0.12510159592870956,DBSCAN cluster
k7uaz_20260322,KEMX,2026-03-22T20:00:31Z,KEMX20260322_200031_V06,loose,20260322_200031_loose_001,62572,32.31514048745922,-110.66219043114026,2587.1167614907627,0.0479578685526111,5.518518518518249,46.5,-0.3514830914786166,8.5,3.6632184758873385,2.907939095321009,0.7413595998091338,23.437836654638787,DBSCAN cluster
k7uaz_20260322,KEMX,2026-03-22T20:00:31Z,KEMX20260322_200031_V06,normal,20260322_200031_normal_001,12758,32.34050634854505,-110.6511436999895,2735.302947170403,0.0506852851733181,10.518518518518247,32.0,0.8079244395673303,8.0,3.665104083902749,2.8629070691024623,0.6817419132008063,11.071909206990535,DBSCAN cluster
k7uaz_20260322,KEMX,2026-03-22T20:00:31Z,KEMX20260322_200031_V06,normal,20260322_200031_normal_002,2,32.426312243769104,-110.63527069591498,7067.5,9.109731903940672,1802.4814814814815,-2.5,-3.75,-2.625,,,,0.1250254197446522,DBSCAN cluster
k7uaz_20260322,KEMX,2026-03-22T20:00:31Z,KEMX20260322_200031_V06,normal,20260322_200031_normal_003,2,32.372841886128676,-110.74521113476158,7870.0,9.280038461608584,2601.4814814814818,-2.5,-3.75,-2.625,,,,0.12508907848603978,DBSCAN cluster
k7uaz_20260322,KEMX,2026-03-22T20:00:31Z,KEMX20260322_200031_V06,normal,20260322_200031_normal_004,2,32.40268660402066,-110.62446861679523,8134.5,6.844112618956835,2866.4814814814818,-4.5,-5.25,-4.575,,,,0.12502233808705038,DBSCAN cluster
k7uaz_20260322,KEMX,2026-03-22T20:00:31Z,KEMX20260322_200031_V06,tight,20260322_200031_tight_001,183,32.34490437843061,-110.65277146820023,3489.497267759563,0.2264726846104986,178.51851851851825,7.5,-1.4180327868852458,3.0,4.25776397515528,2.2740963855421685,0.6688534187298294,5.0415836314280735,DBSCAN cluster
k7uaz_20260322,KEMX,2026-03-22T20:00:31Z,KEMX20260322_200031_V06,tight,20260322_200031_tight_002,2,32.37653386511168,-110.68473781198674,4027.0,4.63537089492652,1220.5185185185182,-2.0,-2.75,-2.075,,0.0,1.0516666173934937,0.12510668604407119,DBSCAN cluster
k7uaz_20260322,KEMX,2026-03-22T20:00:31Z,KEMX20260322_200031_V06,tight,20260322_200031_tight_003,5,32.35759976193357,-110.686553895622,4860.2,3.249395287856603,83.48148148148175,-3.0,-4.1,-3.1,-5.5,0.6,1.0516666173934937,0.8152441576496808,DBSCAN cluster
k7uaz_20260322,KEMX,2026-03-22T20:00:31Z,KEMX20260322_200031_V06,tight,20260322_200031_tight_004,2,32.38290608178394,-110.6348592772531,4676.5,4.440515370734475,569.5185185185182,-1.5,-2.75,-1.625,-0.25,1.75,0.8399999737739563,0.1251017112485875,DBSCAN cluster
k7uaz_20260322,KEMX,2026-03-22T20:00:31Z,KEMX20260322_200031_V06,tight,20260322_200031_tight_005,4,32.329007083340585,-110.69763738830787,5608.0,4.616684908853495,104.51851851851823,-3.0,-5.5,-3.450000000000001,,,,0.4875368410444346,DBSCAN cluster
k7uaz_20260322,KEMX,2026-03-22T20:00:31Z,KEMX20260322_200031_V06,tight,20260322_200031_tight_006,2,32.32596353311618,-110.65226104625074,5084.0,1.930891824379117,160.51851851851825,-4.5,-5.25,-4.575,0.5,2.75,1.0516666173934937,0.12506797407371076,DBSCAN cluster
k7uaz_20260322,KEMX,2026-03-22T20:00:31Z,KEMX20260322_200031_V06,tight,20260322_200031_tight_007,2,32.3685033253396,-110.65443837150998,5439.5,2.565022774315413,176.48148148148175,-5.0,-5.0,-5.0,,,,0.1250913007632607,DBSCAN cluster
k7uaz_20260322,KEMX,2026-03-22T20:00:31Z,KEMX20260322_200031_V06,tight,20260322_200031_tight_008,2,32.3308337171867,-110.63436623860466,5121.0,2.1310784832564327,123.51851851851823,-1.5,-3.5,-1.7000000000000002,0.5,1.0,1.0516666173934937,0.12506602382080645,DBSCAN cluster
k7uaz_20260322,KEMX,2026-03-22T20:00:31Z,KEMX20260322_200031_V06,tight,20260322_200031_tight_009,5,32.351056818457934,-110.70106779705569,6313.4,4.564852553740964,998.4814814814818,0.5,-3.1,0.09999999999999964,0.2,0.7,0.8069999933242797,0.6503893634114869,DBSCAN cluster
k7uaz_20260322,KEMX,2026-03-22T20:00:31Z,KEMX20260322_200031_V06,tight,20260322_200031_tight_010,2,32.33038681667554,-110.67953041896862,6076.5,3.0038004813707677,811.4814814814818,-5.0,-5.25,-5.025,,,,0.12505267824228916,DBSCAN cluster
k7uaz_20260322,KEMX,2026-03-22T20:00:31Z,KEMX20260322_200031_V06,tight,20260322_200031_tight_011,3,32.3559966814465,-110.68243501472908,6346.333333333333,3.055518050311073,1069.4814814814818,-3.0,-3.6666666666666665,-3.05,0.5,0.0,0.9438888629277548,0.2501532793026342,DBSCAN cluster
k7uaz_20260322,KEMX,2026-03-22T20:00:31Z,KEMX20260322_200031_V06,tight,20260322_200031_tight_012,2,32.36730526977675,-110.66408077337792,6452.0,2.685008726935029,1186.4814814814818,-4.5,-5.25,-4.575,,,,0.12508991809395614,DBSCAN cluster
k7uaz_20260322,KEMX,2026-03-22T20:00:31Z,KEMX20260322_200031_V06,tight,20260322_200031_tight_013,2,32.352090895260275,-110.65344171375014,6288.0,0.7461359201272199,1022.4814814814818,-6.5,-6.75,-6.525,,,,0.12509186439941222,DBSCAN cluster
k7uaz_20260322,KEMX,2026-03-22T20:00:31Z,KEMX20260322_200031_V06,tight,20260322_200031_tight_014,2,32.38157051687017,-110.6247373900869,6594.0,4.732030676035975,1328.4814814814818,-4.0,-4.5,-4.05,,,,0.1250821328769745,DBSCAN cluster
k7uaz_20260322,KEMX,2026-03-22T20:00:31Z,KEMX20260322_200031_V06,tight,20260322_200031_tight_015,2,32.329981230949244,-110.6163590051534,6053.0,3.62998681470957,787.4814814814818,-5.0,-6.25,-5.125,,,,0.12510159592815595,DBSCAN cluster
k7uaz_20260322,KEMX,2026-03-22T20:00:31Z,KEMX20260322_200031_V06,tight,20260322_200031_tight_016,3,32.32979292821649,-110.65235781012821,7183.0,1.3829391269189475,1900.4814814814815,-4.5,-5.666666666666667,-4.6,,,,0.25009775919743443,DBSCAN cluster
k7uaz_20260322,KEMX,2026-03-22T20:00:31Z,KEMX20260322_200031_V06,tight,20260322_200031_tight_017,2,32.32905891030464,-110.62530871010607,7168.5,2.93549360631419,1900.4814814814815,-4.0,-5.25,-4.125,,,,0.1250495279123214,DBSCAN cluster
k7uaz_20260322,KEMX,2026-03-22T20:07:36Z,KEMX20260322_200736_V06,loose,20260322_200736_loose_001,59782,32.31063098879008,-110.63729644104487,2574.369107758188,0.0713764845582451,2.5555555555556566,43.5,-0.7930397109497842,7.5,3.79139086131504,2.915558857785453,0.7486146811610196,23.822896570264778,DBSCAN cluster
k7uaz_20260322,KEMX,2026-03-22T20:07:36Z,KEMX20260322_200736_V06,normal,20260322_200736_normal_001,4086,32.36088152365374,-110.62191239517492,3123.126774351444,0.0713764845582451,2.5555555555556566,17.0,-0.041972589329417526,5.5,4.203571428571428,2.6179453262786594,0.6794027005722709,12.198547015066048,DBSCAN cluster
k7uaz_20260322,KEMX,2026-03-22T20:07:36Z,KEMX20260322_200736_V06,normal,20260322_200736_normal_002,2,32.40666010476221,-110.60317104163732,8193.0,7.288153048503665,2373.5555555555557,-5.0,-5.0,-5.0,,,,0.12507354879092994,DBSCAN cluster
k7uaz_20260322,KEMX,2026-03-22T20:07:36Z,KEMX20260322_200736_V06,normal,20260322_200736_normal_003,2,32.37173964576468,-110.55527232264728,7782.5,6.764773401549293,1963.5555555555557,-6.0,-6.0,-6.0,,,,0.1250339908601506,DBSCAN cluster
k7uaz_20260322,KEMX,2026-03-22T20:07:36Z,KEMX20260322_200736_V06,tight,20260322_200736_tight_001,2,32.340414068845654,-110.64366109154818,3842.0,2.363992692361763,1956.4444444444443,-3.5,-4.25,-3.575,,2.0,1.0516666173934937,0.12511059218944875,DBSCAN cluster
k7uaz_20260322,KEMX,2026-03-22T20:07:36Z,KEMX20260322_200736_V06,tight,20260322_200736_tight_002,6,32.37890495190721,-110.6180170905916,4190.0,3.533442164035423,1105.4444444444443,-2.5,-3.75,-2.625,0.5,5.5,1.018333300948143,1.0102792062805224,DBSCAN cluster
k7uaz_20260322,KEMX,2026-03-22T20:07:36Z,KEMX20260322_200736_V06,tight,20260322_200736_tight_003,7,32.32671692381823,-110.59594086098109,4162.857142857143,2.097562754408462,1488.4444444444443,-1.5,-3.9285714285714284,-2.1000000000000014,1.25,2.4,1.0329999566078185,0.903865491030943,DBSCAN cluster
k7uaz_20260322,KEMX,2026-03-22T20:07:36Z,KEMX20260322_200736_V06,tight,20260322_200736_tight_004,2,32.37047710758479,-110.58533790337138,4006.0,4.404796250070351,1792.4444444444443,-1.0,-1.75,-1.0750000000000002,-1.5,8.75,1.0516666173934937,0.125104732971586,DBSCAN cluster
k7uaz_20260322,KEMX,2026-03-22T20:07:36Z,KEMX20260322_200736_V06,tight,20260322_200736_tight_005,3,32.345437124344016,-110.56878884457787,3861.6666666666665,4.64949832407742,1931.4444444444443,-4.5,-4.833333333333333,-4.55,1.5,5.25,1.0516666173934937,0.2502080108098799,DBSCAN cluster
k7uaz_20260322,KEMX,2026-03-22T20:07:36Z,KEMX20260322_200736_V06,tight,20260322_200736_tight_006,2,32.34843920729962,-110.66267466774568,4455.5,4.193196084931582,1341.4444444444443,-4.5,-5.25,-4.575,,,,0.12510561486080296,DBSCAN cluster
k7uaz_20260322,KEMX,2026-03-22T20:07:36Z,KEMX20260322_200736_V06,tight,20260322_200736_tight_007,2,32.36720175718679,-110.63468364597816,4573.5,3.146035317555028,1223.4444444444443,-1.0,-2.0,-1.1,0.5,1.75,1.0516666173934937,0.12510561486067806,DBSCAN cluster
k7uaz_20260322,KEMX,2026-03-22T20:07:36Z,KEMX20260322_200736_V06,tight,20260322_200736_tight_008,9,32.32195955349576,-110.64995866687454,5657.777777777777,2.5581134878148006,2.5555555555556566,-2.5,-5.388888888888889,-2.9000000000000004,,2.0,1.0516666173934937,1.7570014188755814,DBSCAN cluster
k7uaz_20260322,KEMX,2026-03-22T20:07:36Z,KEMX20260322_200736_V06,tight,20260322_200736_tight_009,5,32.38300912810689,-110.62671970808485,6189.2,4.482033904435376,242.44444444444431,-2.5,-4.2,-2.7,1.0,1.0,,0.86958392796301,DBSCAN cluster
k7uaz_20260322,KEMX,2026-03-22T20:07:36Z,KEMX20260322_200736_V06,tight,20260322_200736_tight_010,5,32.33048465106528,-110.61633774245374,5686.6,0.6738544187736719,260.55555555555566,-6.5,-6.6,-6.5,,,,0.857464927420817,DBSCAN cluster
k7uaz_20260322,KEMX,2026-03-22T20:07:36Z,KEMX20260322_200736_V06,tight,20260322_200736_tight_011,3,32.368850460181086,-110.65437508817125,6464.0,4.381067643935143,635.5555555555557,2.5,-0.8333333333333334,2.3499999999999996,0.6666666666666666,0.5,0.7216666589180628,0.2501785367558608,DBSCAN cluster
k7uaz_20260322,KEMX,2026-03-22T20:07:36Z,KEMX20260322_200736_V06,tight,20260322_200736_tight_012,2,32.33942053977289,-110.66210464505775,7314.5,4.0993419201484285,1495.5555555555557,-5.5,-5.75,-5.525,,,,0.12504564364719983,DBSCAN cluster
k7uaz_20260322,KEMX,2026-03-22T20:07:36Z,KEMX20260322_200736_V06,tight,20260322_200736_tight_013,2,32.36909157896734,-110.64444550929674,7694.0,3.836033425093992,1874.5555555555557,-3.0,-4.5,-3.1500000000000004,-0.25,0.75,1.0516666173934937,0.12508907848613587,DBSCAN cluster
k7uaz_20260322,KEMX,2026-03-22T20:07:36Z,KEMX20260322_200736_V06,tight,20260322_200736_tight_014,2,32.32905950899115,-110.62538281255434,7168.5,1.3927572909286978,1349.5555555555557,-4.5,-5.0,-4.55,,,,0.12504952791266666,DBSCAN cluster
k7uaz_20260322,KEMX,2026-03-22T20:07:36Z,KEMX20260322_200736_V06,tight,20260322_200736_tight_015,2,32.366991133550464,-110.62495667277425,7664.5,2.799960544028179,1845.5555555555557,-5.5,-6.25,-5.575,,,,0.12503399085925523,DBSCAN cluster
k7uaz_20260322,KEMX,2026-03-22T20:14:42Z,KEMX20260322_201442_V06,loose,20260322_201442_loose_001,55435,32.305451876721015,-110.61439307448958,2564.8183818886987,0.1025710777679912,13.33333333333303,44.0,-1.0963651122936773,8.0,3.8215805336406348,2.9935945909879456,0.758918459682709,24.54742858559564,DBSCAN cluster
k7uaz_20260322,KEMX,2026-03-22T20:14:42Z,KEMX20260322_201442_V06,normal,20260322_201442_normal_001,258,32.352610194132566,-110.61644228700628,4579.046511627907,0.6482686636302002,174.66666666666697,9.0,-3.3217054263565893,1.0,3.7062937062937062,2.340909090909091,0.8744798844799082,12.555727031456716,DBSCAN cluster
k7uaz_20260322,KEMX,2026-03-22T20:14:42Z,KEMX20260322_201442_V06,normal,20260322_201442_normal_002,25,32.38275519144318,-110.50479895504826,3632.52,8.3217967893674,2107.666666666667,2.0,-2.4,0.5999999999999943,4.4375,2.1470588235294117,0.8257142550178936,3.9902906109117313,DBSCAN cluster
k7uaz_20260322,KEMX,2026-03-22T20:14:42Z,KEMX20260322_201442_V06,normal,20260322_201442_normal_003,6,32.27598489800834,-110.53516740379598,3531.6666666666665,7.207890952788913,2795.666666666667,-4.5,-5.333333333333333,-4.5,10.0,3.1666666666666665,0.5649999976158142,1.229271548037135,DBSCAN cluster
k7uaz_20260322,KEMX,2026-03-22T20:14:42Z,KEMX20260322_201442_V06,normal,20260322_201442_normal_004,2,32.35351621894327,-110.52888685576167,6381.5,5.519519784721736,13.33333333333303,-6.5,-6.75,-6.525,,,,0.12504683713197642,DBSCAN cluster
k7uaz_20260322,KEMX,2026-03-22T20:14:42Z,KEMX20260322_201442_V06,normal,20260322_201442_normal_005,4,32.365653141857045,-110.50078450676868,6558.25,8.13318728036359,178.33333333333303,-5.0,-5.75,-5.075,,,,0.5339352408381751,DBSCAN cluster
k7uaz_20260322,KEMX,2026-03-22T20:14:42Z,KEMX20260322_201442_V06,normal,20260322_201442_normal_006,2,32.424493962612175,-110.60234503409549,8428.5,9.61251917930614,2057.333333333333,-2.0,-2.5,-2.05,,,,0.1250126274536812,DBSCAN cluster
k7uaz_20260322,KEMX,2026-03-22T20:14:42Z,KEMX20260322_201442_V06,tight,20260322_201442_tight_001,2,32.36312790141476,-110.55668413833732,4522.5,3.773621135240128,1826.666666666667,-3.0,-3.5,-3.05,,,,0.12510951847393803,DBSCAN cluster
k7uaz_20260322,KEMX,2026-03-22T20:14:42Z,KEMX20260322_201442_V06,tight,20260322_201442_tight_002,2,32.33083320993377,-110.63444064447094,5121.0,4.659455715379365,1226.666666666667,-3.5,-4.75,-3.625,,,,0.1250660238205066,DBSCAN cluster
k7uaz_20260322,KEMX,2026-03-22T20:14:42Z,KEMX20260322_201442_V06,tight,20260322_201442_tight_003,2,32.370712993188604,-110.60515979683059,5458.5,3.962752240801166,888.666666666667,-3.5,-4.25,-3.575,,,,0.12508935108722288,DBSCAN cluster
k7uaz_20260322,KEMX,2026-03-22T20:14:42Z,KEMX20260322_201442_V06,tight,20260322_201442_tight_004,2,32.32210217807233,-110.58104831559928,5065.5,1.7111621595739956,1281.666666666667,-3.0,-4.25,-3.125,,,,0.12510104914576814,DBSCAN cluster
k7uaz_20260322,KEMX,2026-03-22T20:14:42Z,KEMX20260322_201442_V06,tight,20260322_201442_tight_005,2,32.320377148840166,-110.56334080304012,5065.5,2.7910659370382307,1281.666666666667,-2.0,-4.0,-2.2,0.25,1.25,1.0516666173934937,0.12510104914583084,DBSCAN cluster
k7uaz_20260322,KEMX,2026-03-22T20:14:42Z,KEMX20260322_201442_V06,tight,20260322_201442_tight_006,2,32.34131124515586,-110.63451619963428,6170.0,4.619057525243548,174.66666666666697,-7.0,-7.25,-7.025,,,,0.1250977033146003,DBSCAN cluster
k7uaz_20260322,KEMX,2026-03-22T20:14:42Z,KEMX20260322_201442_V06,tight,20260322_201442_tight_007,2,32.31745452000863,-110.54594986321692,5982.0,4.316469103388285,362.66666666666697,-5.0,-6.0,-5.1,,,,0.12509964962231115,DBSCAN cluster
k7uaz_20260322,KEMX,2026-03-22T20:14:42Z,KEMX20260322_201442_V06,tight,20260322_201442_tight_008,2,32.32905950899115,-110.62538281255434,7168.5,3.8581989932045953,797.333333333333,-3.5,-4.75,-3.625,,,,0.12504952791266666,DBSCAN cluster
k7uaz_20260322,KEMX,2026-03-22T20:14:42Z,KEMX20260322_201442_V06,tight,20260322_201442_tight_009,2,32.34230406145632,-110.61593931234682,7343.5,2.892482441816236,972.333333333333,-6.5,-7.0,-6.55,,,,0.12504370151455638,DBSCAN cluster
k7uaz_20260322,KEMX,2026-03-22T20:14:42Z,KEMX20260322_201442_V06,tight,20260322_201442_tight_010,2,32.321961084333665,-110.60776015033575,7080.5,2.6821550898862347,709.333333333333,-5.5,-6.75,-5.625,,,,0.12505341218107674,DBSCAN cluster
k7uaz_20260322,KEMX,2026-03-22T20:14:42Z,KEMX20260322_201442_V06,tight,20260322_201442_tight_011,2,32.37056091406116,-110.59536843080701,7723.5,3.607684973569589,1352.333333333333,-6.0,-6.25,-6.025,,,,0.12503399085970598,DBSCAN cluster
k7uaz_20260322,KEMX,2026-03-22T20:21:35Z,KEMX20260322_202135_V06,loose,20260322_202135_loose_001,51910,32.301161777155095,-110.58853439389242,2561.2858408784437,0.1126652730216912,14.037037037037408,39.5,-1.6631284916201117,7.0,3.9253102944755414,2.939952234732173,0.7657026373085122,25.08064391313076,DBSCAN cluster
k7uaz_20260322,KEMX,2026-03-22T20:21:35Z,KEMX20260322_202135_V06,normal,20260322_202135_normal_001,60,32.3667212376621,-110.61000287913639,5308.933333333333,2.559683924002446,181.0370370370374,-0.5,-4.033333333333333,-1.0,1.263157894736842,2.0,1.0295454128222032,7.7719624412005945,DBSCAN cluster
k7uaz_20260322,KEMX,2026-03-22T20:21:35Z,KEMX20260322_202135_V06,normal,20260322_202135_normal_002,3,32.4140020120068,-110.53032136697088,4477.666666666667,8.941894864725873,1969.0370370370376,0.0,-1.5,-0.15000000000000013,,0.0,0.8983333110809326,1.4361060022430867,DBSCAN cluster
k7uaz_20260322,KEMX,2026-03-22T20:21:35Z,KEMX20260322_202135_V06,normal,20260322_202135_normal_003,2,32.3586006572158,-110.49750527279734,3991.0,5.776401496199223,2895.0370370370374,-3.0,-3.0,-3.0,,,,0.12510668604435582,DBSCAN cluster
k7uaz_20260322,KEMX,2026-03-22T20:21:35Z,KEMX20260322_202135_V06,normal,20260322_202135_normal_004,2,32.391324965424474,-110.47720528945216,4182.0,9.392985977979915,2704.0370370370374,-1.0,-1.75,-1.0750000000000002,-2.25,4.75,,0.12510277989906732,DBSCAN cluster
k7uaz_20260322,KEMX,2026-03-22T20:21:35Z,KEMX20260322_202135_V06,normal,20260322_202135_normal_005,2,32.324428704770966,-110.61646323594451,4293.5,6.027127868996892,2591.0370370370374,-6.0,-6.0,-6.0,,,,0.1251114702795129,DBSCAN cluster
k7uaz_20260322,KEMX,2026-03-22T20:21:35Z,KEMX20260322_202135_V06,normal,20260322_202135_normal_006,2,32.3232234283211,-110.58980971327486,4293.5,3.6246248485364023,2591.0370370370374,-2.0,-4.0,-2.2,0.5,0.0,,0.1251114702795374,DBSCAN cluster
k7uaz_20260322,KEMX,2026-03-22T20:21:35Z,KEMX20260322_202135_V06,normal,20260322_202135_normal_007,12,32.269156014301934,-110.56096005739683,5845.25,6.959367446954109,448.0370370370374,-4.5,-6.958333333333333,-4.5,6.75,0.75,1.0516666173934937,2.1071613065966015,DBSCAN cluster
k7uaz_20260322,KEMX,2026-03-22T20:21:35Z,KEMX20260322_202135_V06,normal,20260322_202135_normal_008,2,32.320233311140434,-110.5271872347283,4323.0,2.909986233003482,2562.0370370370374,-1.5,-4.0,-1.7500000000000002,,0.0,1.0516666173934937,0.12508444502064825,DBSCAN cluster
k7uaz_20260322,KEMX,2026-03-22T20:21:35Z,KEMX20260322_202135_V06,normal,20260322_202135_normal_009,2,32.277014367577806,-110.52928539263448,4046.0,6.732754499707739,2839.0370370370374,-6.5,-6.75,-6.525,,,,0.12509420631505438,DBSCAN cluster
k7uaz_20260322,KEMX,2026-03-22T20:21:35Z,KEMX20260322_202135_V06,normal,20260322_202135_normal_010,2,32.26364337221331,-110.50017237637323,4002.5,9.29909919151269,2882.0370370370374,-7.0,-7.25,-7.025,,,,0.12511732570044498,DBSCAN cluster
k7uaz_20260322,KEMX,2026-03-22T20:21:35Z,KEMX20260322_202135_V06,normal,20260322_202135_normal_011,2,32.303812638627576,-110.46749477600045,5084.0,8.769101133233988,1799.0370370370374,-3.5,-4.25,-3.575,,0.0,1.0516666173934937,0.12506797407595696,DBSCAN cluster
k7uaz_20260322,KEMX,2026-03-22T20:21:35Z,KEMX20260322_202135_V06,normal,20260322_202135_normal_012,7,32.35353103675549,-110.49485550339011,6811.428571428572,5.6885647272834925,297.0370370370374,-3.0,-5.857142857142857,-3.7500000000000018,,,,1.9575633341032987,DBSCAN cluster
k7uaz_20260322,KEMX,2026-03-22T20:21:35Z,KEMX20260322_202135_V06,normal,20260322_202135_normal_013,4,32.308202518199494,-110.48907446078366,6577.75,6.3319787976602795,222.9629629629626,-5.0,-5.875,-5.0,,,,0.7737508652288617,DBSCAN cluster
k7uaz_20260322,KEMX,2026-03-22T20:21:35Z,KEMX20260322_202135_V06,normal,20260322_202135_normal_014,2,32.29429967838287,-110.59261317103902,6768.0,5.748156688079089,109.0370370370374,-6.5,-7.25,-6.575,,,,0.1251065494260795,DBSCAN cluster
k7uaz_20260322,KEMX,2026-03-22T20:21:35Z,KEMX20260322_202135_V06,tight,20260322_202135_tight_001,2,32.354261339712735,-110.52869472005499,5383.0,3.045056729324583,1500.0370370370374,-1.0,-3.25,-1.225,,0.0,1.0516666173934937,0.12505822280903076,DBSCAN cluster
k7uaz_20260322,KEMX,2026-03-22T20:28:40Z,KEMX20260322_202840_V06,loose,20260322_202840_loose_001,27315,32.319059409027915,-110.54951826313662,2831.4339373970347,0.1939934086041542,61.03703703703741,32.0,-2.2360424675086947,4.5,4.46510964375968,2.8122105776261273,0.7849860954975145,22.96033485111085,DBSCAN cluster
k7uaz_20260322,KEMX,2026-03-22T20:28:40Z,KEMX20260322_202840_V06,normal,20260322_202840_normal_001,7,32.369696772384124,-110.61206832096168,5089.285714285715,9.365782754993829,1861.9629629629624,-3.5,-4.785714285714286,-3.8000000000000007,,4.0,1.0516666173934937,1.9441605887705393,DBSCAN cluster
k7uaz_20260322,KEMX,2026-03-22T20:28:40Z,KEMX20260322_202840_V06,normal,20260322_202840_normal_002,2,32.36309548083244,-110.55663502021237,4573.5,4.794189630270186,2861.9629629629626,-2.0,-3.75,-2.1750000000000003,,,,0.1251056148610387,DBSCAN cluster
k7uaz_20260322,KEMX,2026-03-22T20:28:40Z,KEMX20260322_202840_V06,normal,20260322_202840_normal_003,2,32.4098988023745,-110.51641757912188,4915.0,8.554142557566141,2519.9629629629626,-1.0,-2.5,-1.1500000000000001,,,,0.12512097427734484,DBSCAN cluster
k7uaz_20260322,KEMX,2026-03-22T20:28:40Z,KEMX20260322_202840_V06,normal,20260322_202840_normal_004,2,32.39266502331187,-110.45470685485152,4885.0,9.024556912443227,2549.9629629629626,-4.0,-4.25,-4.025,,,,0.12511902295642147,DBSCAN cluster
k7uaz_20260322,KEMX,2026-03-22T20:28:40Z,KEMX20260322_202840_V06,normal,20260322_202840_normal_005,2,32.35524995802186,-110.44685800159237,4662.0,7.285653955981395,2773.9629629629626,-4.5,-5.0,-4.55,,,,0.1250746837297862,DBSCAN cluster
k7uaz_20260322,KEMX,2026-03-22T20:28:40Z,KEMX20260322_202840_V06,normal,20260322_202840_normal_006,4,32.32762584232029,-110.62083300357565,6131.75,9.041430140780632,248.9629629629626,-4.0,-5.125,-4.15,0.75,0.0,0.949999988079071,1.177426020837885,DBSCAN cluster
k7uaz_20260322,KEMX,2026-03-22T20:28:40Z,KEMX20260322_202840_V06,normal,20260322_202840_normal_007,2,32.30926672279297,-110.56506689276291,4972.0,4.833216871531405,2461.9629629629626,-6.5,-6.75,-6.525,,,,0.1250679740744466,DBSCAN cluster
k7uaz_20260322,KEMX,2026-03-22T20:28:40Z,KEMX20260322_202840_V06,normal,20260322_202840_normal_008,4,32.30980738931827,-110.46497258199696,5615.25,5.7082635854461765,1284.9629629629626,-1.5,-5.0,-2.1000000000000014,,0.0,1.0516666173934937,0.9939684125193949,DBSCAN cluster
k7uaz_20260322,KEMX,2026-03-22T20:28:40Z,KEMX20260322_202840_V06,normal,20260322_202840_normal_009,4,32.375263783478026,-110.58997516993679,7201.75,7.204385165754808,494.0370370370374,-3.5,-4.75,-3.575,,,,1.382025543062676,DBSCAN cluster
k7uaz_20260322,KEMX,2026-03-22T20:28:40Z,KEMX20260322_202840_V06,normal,20260322_202840_normal_010,2,32.26907314405426,-110.56349331879329,6419.5,7.970873005618917,1008.9629629629626,-6.5,-7.25,-6.575,,,,0.12507477568150593,DBSCAN cluster
k7uaz_20260322,KEMX,2026-03-22T20:28:40Z,KEMX20260322_202840_V06,normal,20260322_202840_normal_011,2,32.3136874344332,-110.52865203576039,7053.5,2.055047617470958,374.9629629629626,-6.0,-6.5,-6.05,,,,0.125059238585397,DBSCAN cluster
k7uaz_20260322,KEMX,2026-03-22T20:28:40Z,KEMX20260322_202840_V06,normal,20260322_202840_normal_012,2,32.37340240396753,-110.48283415321157,7907.5,5.682685695666064,450.0370370370374,-5.0,-5.5,-5.05,,,,0.12503981725310742,DBSCAN cluster
k7uaz_20260322,KEMX,2026-03-22T20:28:40Z,KEMX20260322_202840_V06,tight,20260322_202840_tight_001,2,32.3136874344332,-110.52865203576039,7053.5,2.055047617470958,374.9629629629626,-6.0,-6.5,-6.05,,,,0.125059238585397,DBSCAN cluster
k7uaz_20260322,KEMX,2026-03-22T20:35:45Z,KEMX20260322_203545_V06,loose,20260322_203545_loose_001,5547,32.351176664736364,-110.51204625373792,3378.580674238327,0.8961290914058729,38.11111111111131,12.5,-2.5541734270776995,3.5,4.803289924605894,2.570278430057028,0.8465851785082977,23.30853703470382,DBSCAN cluster
k7uaz_20260322,KEMX,2026-03-22T20:35:45Z,KEMX20260322_203545_V06,normal,20260322_203545_normal_001,12,32.35620831454354,-110.53794913119354,5901.416666666667,3.913273157435504,1364.8888888888887,-0.5,-4.958333333333333,-2.4250000000000025,1.0,0.5,1.0516666173934937,3.529452449137024,DBSCAN cluster
k7uaz_20260322,KEMX,2026-03-22T20:35:45Z,KEMX20260322_203545_V06,normal,20260322_203545_normal_002,2,32.35474164652058,-110.44703189825464,5533.5,4.6459956308762616,2450.8888888888887,-2.0,-3.5,-2.1500000000000004,,,,0.12508740141429928,DBSCAN cluster
k7uaz_20260322,KEMX,2026-03-22T20:35:45Z,KEMX20260322_203545_V06,normal,20260322_203545_normal_003,2,32.340041404352476,-110.38886384709086,5571.5,9.254303278142194,2412.8888888888887,-4.5,-4.75,-4.525,,,,0.12508935108992447,DBSCAN cluster
k7uaz_20260322,KEMX,2026-03-22T20:35:45Z,KEMX20260322_203545_V06,normal,20260322_203545_normal_004,2,32.37659300759971,-110.49219521090181,6688.5,5.220125591397874,1293.8888888888887,-3.5,-4.25,-3.575,,,,0.12503710195236295,DBSCAN cluster
k7uaz_20260322,KEMX,2026-03-22T20:35:45Z,KEMX20260322_203545_V06,normal,20260322_203545_normal_005,6,32.31518599007964,-110.46623469707895,6130.833333333333,0.8961290914058729,1788.8888888888887,-5.5,-6.25,-5.625,,,,1.662975726333354,DBSCAN cluster
k7uaz_20260322,KEMX,2026-03-22T20:35:45Z,KEMX20260322_203545_V06,normal,20260322_203545_normal_006,2,32.26556845251076,-110.54036139141614,6441.5,8.512141183260256,1537.8888888888887,-6.0,-6.75,-6.075,,,,0.1250670071302143,DBSCAN cluster
k7uaz_20260322,KEMX,2026-03-22T20:35:45Z,KEMX20260322_203545_V06,normal,20260322_203545_normal_007,2,32.35396746400303,-110.39267830999307,8046.5,9.227061605606606,38.11111111111131,-3.5,-4.75,-3.625,,,,0.12502233808809277,DBSCAN cluster
k7uaz_20260322,KEMX,2026-03-22T20:35:45Z,KEMX20260322_203545_V06,tight,20260322_203545_tight_001,3,32.353563069371575,-110.52229622840945,6393.333333333333,3.913273157435504,1576.8888888888887,-5.5,-6.333333333333333,-5.6,,,,0.6620387519377621,DBSCAN cluster
k7uaz_20260322,KEMX,2026-03-22T20:35:45Z,KEMX20260322_203545_V06,tight,20260322_203545_tight_002,2,32.32484412918659,-110.47862971181341,6193.5,0.8961290914058729,1788.8888888888887,-6.0,-6.25,-6.025,,,,0.1250507312060422,DBSCAN cluster
k7uaz_20260322,KEMX,2026-03-22T20:35:45Z,KEMX20260322_203545_V06,tight,20260322_203545_tight_003,2,32.317969040756694,-110.46176936761239,6170.0,2.6573347372077727,1811.8888888888887,-5.5,-5.75,-5.525,,,,0.12509770331609818,DBSCAN cluster
k7uaz_20260322,KEMX,2026-03-22T20:35:45Z,KEMX20260322_203545_V06,tight,20260322_203545_tight_004,2,32.302744800295635,-110.458305011811,6029.0,3.9114627209756168,1952.8888888888887,-6.0,-6.75,-6.075,,,,0.12509964962307613,DBSCAN cluster
k7uaz_20260322,KEMX,2026-03-22T20:42:51Z,KEMX20260322_204251_V06,loose,20260322_204251_loose_001,744,32.265863924189844,-110.50535962847648,4284.8588709677415,2.611087393429054,103.11111111111131,6.5,-4.858198924731183,0.5,4.376404494382022,2.848008385744235,0.8914653038485205,27.105665877748265,DBSCAN cluster
k7uaz_20260322,KEMX,2026-03-22T20:42:51Z,KEMX20260322_204251_V06,normal,20260322_204251_normal_001,2,32.31864466236624,-110.55476040419461,5982.0,9.468847954770592,2552.1111111111113,-5.0,-5.5,-5.05,,,,0.12509964962165554,DBSCAN cluster
k7uaz_20260322,KEMX,2026-03-22T20:42:51Z,KEMX20260322_204251_V06,normal,20260322_204251_normal_002,3,32.35902171694322,-110.52772168346695,6440.333333333333,7.7843584616079875,2082.1111111111113,-4.0,-6.0,-4.300000000000001,,,,0.2501481132132249,DBSCAN cluster
k7uaz_20260322,KEMX,2026-03-22T20:42:51Z,KEMX20260322_204251_V06,normal,20260322_204251_normal_003,4,32.381281907285455,-110.50163057747525,7350.25,6.836355512784802,661.1111111111113,-4.0,-5.375,-4.2250000000000005,,,,1.4068072689089004,DBSCAN cluster
k7uaz_20260322,KEMX,2026-03-22T20:42:51Z,KEMX20260322_204251_V06,normal,20260322_204251_normal_004,2,32.293272743508744,-110.44357258143026,5982.0,3.630356370919899,2552.1111111111113,-4.0,-5.5,-4.15,,,,0.12509964962391726,DBSCAN cluster
k7uaz_20260322,KEMX,2026-03-22T20:42:51Z,KEMX20260322_204251_V06,normal,20260322_204251_normal_005,4,32.271259442191635,-110.39213823133007,6516.75,8.018729321209646,1480.1111111111113,-4.0,-6.125,-4.375000000000001,,,,0.7324353432193494,DBSCAN cluster
k7uaz_20260322,KEMX,2026-03-22T20:49:55Z,KEMX20260322_204955_V06,loose,20260322_204955_loose_001,336,32.23116415216074,-110.46879966150598,4916.559523809524,3.673654346574099,652.7407407407409,2.0,-6.568452380952381,-2.875,2.78515625,2.7,0.8874708377606385,25.01915640679331,DBSCAN cluster
k7uaz_20260322,KEMX,2026-03-22T20:49:55Z,KEMX20260322_204955_V06,loose,20260322_204955_loose_002,7,32.30130601910254,-110.24321585938141,4231.571428571428,15.440747053504,4822.740740740741,-0.5,-2.0714285714285716,-0.6500000000000004,6.125,1.1,1.026111086209615,3.0330568549720884,DBSCAN cluster
k7uaz_20260322,KEMX,2026-03-22T20:49:55Z,KEMX20260322_204955_V06,loose,20260322_204955_loose_003,6,32.36370473641282,-110.44409546826365,5650.0,1.9561447604235365,2560.740740740741,-2.0,-4.083333333333333,-2.375,,,,3.4826384821539214,DBSCAN cluster
k7uaz_20260322,KEMX,2026-03-22T20:49:55Z,KEMX20260322_204955_V06,loose,20260322_204955_loose_004,4,32.448672784284,-110.36399821063974,8524.75,12.577129706015992,31.740740740740875,-4.5,-4.75,-4.5,,,,2.567188532106379,DBSCAN cluster
k7uaz_20260322,KEMX,2026-03-22T20:49:55Z,KEMX20260322_204955_V06,normal,20260322_204955_normal_001,2,32.341106420148364,-110.42113869447294,6523.0,1.9561447604235365,2560.740740740741,-4.5,-4.5,-4.5,,,,0.12508407918289402,DBSCAN cluster
k7uaz_20260322,KEMX,2026-03-22T20:49:55Z,KEMX20260322_204955_V06,normal,20260322_204955_normal_002,2,32.23958856899711,-110.3887174739643,6731.5,9.624603330607966,2349.740740740741,-7.5,-7.75,-7.525,,,,0.12506312286042098,DBSCAN cluster
k7uaz_20260322,KEMX,2026-03-22T20:49:55Z,KEMX20260322_204955_V06,normal,20260322_204955_normal_003,2,32.26070074087795,-110.37390729653465,7051.5,8.120605880711235,2029.7407407407409,-3.5,-5.5,-3.7,,,,0.12505147005040207,DBSCAN cluster
k7uaz_20260322,KEMX,2026-03-22T20:57:01Z,KEMX20260322_205701_V06,loose,20260322_205701_loose_001,48,32.345937217868176,-110.52932900308821,6196.291666666667,9.392158461200657,1792.9629629629635,-0.5,-5.416666666666667,-2.5,0.75,1.25,1.0516666173934937,9.133113556584732,DBSCAN cluster
k7uaz_20260322,KEMX,2026-03-22T20:57:01Z,KEMX20260322_205701_V06,loose,20260322_205701_loose_002,2,32.39301524218517,-110.46570177662912,4870.0,10.911222981014784,4770.9629629629635,-2.5,-3.75,-2.625,,,,0.12507273147141715,DBSCAN cluster
k7uaz_20260322,KEMX,2026-03-22T20:57:01Z,KEMX20260322_205701_V06,loose,20260322_205701_loose_003,6,32.26265160901165,-110.36484330169931,5722.833333333333,6.275872541877165,3254.9629629629635,-4.0,-6.416666666666667,-4.625,,,,4.292734168298201,DBSCAN cluster
k7uaz_20260322,KEMX,2026-03-22T20:57:01Z,KEMX20260322_205701_V06,loose,20260322_205701_loose_004,125,32.191742962345224,-110.34636004106135,5731.832,12.610505741130622,1968.9629629629635,-1.5,-6.628,-2.1000000000000014,0.3018867924528302,1.598360655737705,0.8683917925023196,17.180704947591085,DBSCAN cluster
k7uaz_20260322,KEMX,2026-03-22T20:57:01Z,KEMX20260322_205701_V06,loose,20260322_205701_loose_005,2,32.349069277420384,-110.27252692448313,8635.0,11.23937439260162,997.9629629629636,-4.0,-4.75,-4.075,,,,0.12506384274917695,DBSCAN cluster
k7uaz_20260322,KEMX,2026-03-22T20:57:01Z,KEMX20260322_205701_V06,normal,20260322_205701_normal_001,2,32.30238910016931,-110.48646158835118,7051.5,9.392158461200657,2581.9629629629635,-6.0,-6.75,-6.075,,,,0.12505147004790723,DBSCAN cluster
k7uaz_20260322,KEMX,2026-03-22T21:04:07Z,KEMX20260322_210407_V06,loose,20260322_210407_loose_001,10,32.36349002208783,-110.51784748661433,6087.9,12.96223840921957,3477.1851851851843,-3.0,-5.15,-3.450000000000001,,0.0,1.0516666173934937,5.648098027464869,DBSCAN cluster
k7uaz_20260322,KEMX,2026-03-22T21:04:07Z,KEMX20260322_210407_V06,loose,20260322_210407_loose_002,111,32.192619853574,-110.27054490692586,6368.072072072072,10.667572531882598,2550.1851851851843,4.0,-5.36036036036036,-1.5,-0.14102564102564102,0.8888888888888888,0.8892063345937502,12.31198958553493,DBSCAN cluster
k7uaz_20260322,KEMX,2026-03-22T21:04:07Z,KEMX20260322_210407_V06,loose,20260322_210407_loose_003,4,32.39013661167484,-110.41587314701711,7732.75,8.499051348435058,1550.1851851851843,-1.5,-4.125,-1.8000000000000007,,,,2.407502951048508,DBSCAN cluster
k7uaz_20260322,KEMX,2026-03-22T21:04:07Z,KEMX20260322_210407_V06,loose,20260322_210407_loose_004,7,32.17929110896739,-110.47190800485417,5618.428571428572,18.060574505887875,4524.185185185184,-6.0,-8.714285714285714,-6.300000000000001,,0.0,0.2116666734218597,4.060525237489137,DBSCAN cluster
k7uaz_20260322,KEMX,2026-03-22T21:04:07Z,KEMX20260322_210407_V06,loose,20260322_210407_loose_005,2,32.27783900407058,-110.38282291020249,7197.5,4.887096582341867,2988.1851851851843,-7.0,-7.0,-7.0,,,,0.12504758578390374,DBSCAN cluster
k7uaz_20260322,KEMX,2026-03-22T21:04:07Z,KEMX20260322_210407_V06,normal,20260322_210407_normal_001,1,32.27881781141546,-110.38218947901925,7212.0,4.887096582341867,2988.1851851851843,-7.0,-7.0,-7.0,,,,0.0,single-gate fallback; no multi-gate DBSCAN cluster
k7uaz_20260322,KEMX,2026-03-22T21:11:05Z,KEMX20260322_211105_V06,loose,20260322_211105_loose_001,60,32.35406408836177,-110.13652965186085,8142.933333333333,15.35625226009264,845.0370370370365,4.0,-1.7666666666666666,2.0,-0.13043478260869565,0.875,0.812916656024754,10.750879679866845,DBSCAN cluster
k7uaz_20260322,KEMX,2026-03-22T21:11:05Z,KEMX20260322_211105_V06,loose,20260322_211105_loose_002,20,32.36971435132537,-110.49575867676121,6742.45,14.379650523130175,2769.0370370370365,-2.5,-5.325,-3.924999999999999,,,,7.015432618797881,DBSCAN cluster
k7uaz_20260322,KEMX,2026-03-22T21:11:05Z,KEMX20260322_211105_V06,loose,20260322_211105_loose_003,8,32.271358469309654,-110.32204469680991,6585.625,3.2203413558459784,3413.0370370370365,-5.0,-6.5,-5.3500000000000005,,,,4.040182539567108,DBSCAN cluster
k7uaz_20260322,KEMX,2026-03-22T21:11:05Z,KEMX20260322_211105_V06,loose,20260322_211105_loose_004,93,32.19352542257576,-110.24763133223787,6712.655913978495,10.30975535366473,2887.0370370370365,3.5,-4.973118279569892,0.6999999999999957,0.05714285714285714,0.975,0.8681313016197898,13.679123593179934,DBSCAN cluster
k7uaz_20260322,KEMX,2026-03-22T21:18:05Z,KEMX20260322_211805_V06,loose,20260322_211805_loose_001,85,32.34811458926708,-110.11858804162904,8149.564705882353,13.443077277117116,1176.333333333334,4.0,-1.488235294117647,2.0,-0.23684210526315788,1.0930232558139534,0.8963333129882812,10.89675922350729,DBSCAN cluster
k7uaz_20260322,KEMX,2026-03-22T21:18:05Z,KEMX20260322_211805_V06,loose,20260322_211805_loose_002,5,32.38050582392512,-110.4671805313433,7555.0,17.11078570330226,3308.333333333334,-4.0,-4.7,-4.1,,,,2.794052654962095,DBSCAN cluster
k7uaz_20260322,KEMX,2026-03-22T21:18:05Z,KEMX20260322_211805_V06,loose,20260322_211805_loose_003,4,32.434156703095425,-110.2819214031023,8733.0,11.666634656043891,1920.333333333334,-4.0,-4.125,-4.0,,,,2.263846939708693,DBSCAN cluster
k7uaz_20260322,KEMX,2026-03-22T21:18:05Z,KEMX20260322_211805_V06,loose,20260322_211805_loose_004,76,32.1860661874674,-110.24327406389439,7037.763157894737,7.841147955328327,3396.333333333334,1.5,-5.190789473684211,-0.75,-0.23529411764705882,1.0125,0.7600877022272662,8.073694485528243,DBSCAN cluster
k7uaz_20260322,KEMX,2026-03-22T21:25:04Z,KEMX20260322_212504_V06,loose,20260322_212504_loose_001,163,32.30611758865516,-110.08324055898377,8104.914110429448,9.259155184692109,1257.0666666666675,7.0,-1.205521472392638,3.0,0.06521739130434782,1.2128712871287128,0.9335925676756435,10.92951544946434,DBSCAN cluster
k7uaz_20260322,KEMX,2026-03-22T21:25:04Z,KEMX20260322_212504_V06,loose,20260322_212504_loose_002,109,32.187638363721994,-110.24532310540924,7132.201834862385,8.937844077211553,3567.0666666666675,1.5,-4.958715596330276,-1.2000000000000028,0.0,0.5784313725490197,0.8313414541686454,8.896575231949711,DBSCAN cluster
k7uaz_20260322,KEMX,2026-03-22T21:25:04Z,KEMX20260322_212504_V06,loose,20260322_212504_loose_003,2,32.272667172339546,-110.29768067636132,6428.5,7.208030825057887,4953.0666666666675,-3.0,-4.75,-3.1750000000000003,,,,0.1250429430632509,DBSCAN cluster
k7uaz_20260322,KEMX,2026-03-22T21:25:04Z,KEMX20260322_212504_V06,loose,20260322_212504_loose_004,2,32.287407776758315,-110.43680278003743,7051.5,19.213923416288484,4327.0666666666675,-6.5,-6.75,-6.525,,,,0.12505147004908138,DBSCAN cluster
k7uaz_20260322,KEMX,2026-03-22T21:25:04Z,KEMX20260322_212504_V06,loose,20260322_212504_loose_005,2,32.3729986315147,-110.30831868955738,8694.5,9.894099649381602,2684.0666666666675,-3.0,-3.5,-3.05,,,,0.12500485895889027,DBSCAN cluster
k7uaz_20260322,KEMX,2026-03-22T21:25:04Z,KEMX20260322_212504_V06,normal,20260322_212504_normal_001,2,32.3729986315147,-110.30831868955738,8694.5,9.894099649381602,2684.0666666666675,-3.0,-3.5,-3.05,,,,0.12500485895889027,DBSCAN cluster
k7uaz_20260322,KEMX,2026-03-22T21:31:58Z,KEMX20260322_213158_V06,loose,20260322_213158_loose_001,165,32.304275700287036,-110.07614813727943,8650.018181818183,4.595651883083439,1273.0,9.5,-1.0575757575757576,3.3999999999999915,0.2676767676767677,0.6336633663366337,0.8947618888044844,13.346492339965682,DBSCAN cluster
k7uaz_20260322,KEMX,2026-03-22T21:31:58Z,KEMX20260322_213158_V06,loose,20260322_213158_loose_002,95,32.178317387198156,-110.23345228780963,7127.315789473684,7.203348518004948,3588.0,4.5,-4.7894736842105265,-0.3500000000000014,0.0625,0.7454545454545455,0.8120666575431824,10.745469705288272,DBSCAN cluster
k7uaz_20260322,KEMX,2026-03-22T21:31:58Z,KEMX20260322_213158_V06,loose,20260322_213158_loose_003,2,32.159953708096864,-110.07090338298238,7178.0,18.006501133271577,4369.0,-4.5,-4.75,-4.525,,,,0.12507045506312844,DBSCAN cluster
k7uaz_20260322,KEMX,2026-03-22T21:31:58Z,KEMX20260322_213158_V06,normal,20260322_213158_normal_001,14,32.34255756842908,-110.1112285198346,9730.57142857143,6.769139087805235,1579.0,2.5,-0.5,2.175,0.2916666666666667,0.4583333333333333,0.9246666371822357,2.4601372397959222,DBSCAN cluster
k7uaz_20260322,KEMX,2026-03-22T21:31:58Z,KEMX20260322_213158_V06,normal,20260322_213158_normal_002,5,32.3012085841137,-110.12723760964079,9125.6,4.595651883083439,2377.0,-2.0,-3.0,-2.1,,,,0.7727092046769484,DBSCAN cluster
k7uaz_20260322,KEMX,2026-03-22T21:31:58Z,KEMX20260322_213158_V06,normal,20260322_213158_normal_003,12,32.3011464415286,-110.08638608143862,9437.083333333334,7.66697697846898,1945.0,2.0,-1.125,1.7249999999999996,0.21428571428571427,0.42857142857142855,0.8802380987576076,2.851510025112012,DBSCAN cluster
k7uaz_20260322,KEMX,2026-03-22T21:38:52Z,KEMX20260322_213852_V06,loose,20260322_213852_loose_001,158,32.30811089663931,-110.07795633646599,8571.746835443038,1.4048892024241282,1328.0,6.5,-1.370253164556962,2.5,0.15625,0.9294117647058824,0.9490598073372474,14.862044654385514,DBSCAN cluster
k7uaz_20260322,KEMX,2026-03-22T21:38:52Z,KEMX20260322_213852_V06,loose,20260322_213852_loose_002,92,32.17213872374627,-110.22040895374165,7299.858695652174,9.02934050393784,3832.0,1.5,-4.494565217391305,-1.0,0.16981132075471697,0.9545454545454546,0.8462036897738775,11.00796099804302,DBSCAN cluster
k7uaz_20260322,KEMX,2026-03-22T21:38:52Z,KEMX20260322_213852_V06,normal,20260322_213852_normal_001,7,32.336268925028875,-110.10272154584801,9778.42857142857,7.040739716887518,1715.0,2.5,-0.42857142857142855,2.5,0.4166666666666667,1.0,0.9672221839427948,3.2169253500795687,DBSCAN cluster
k7uaz_20260322,KEMX,2026-03-22T21:38:52Z,KEMX20260322_213852_V06,normal,20260322_213852_normal_002,27,32.29902255129998,-110.06389808305377,9695.185185185184,3.887631205352369,1822.0,3.0,-1.0555555555555556,2.1999999999999993,0.30952380952380953,1.1818181818181819,0.9403703477647569,3.2485436317866476,DBSCAN cluster
k7uaz_20260322,KEMX,2026-03-22T21:38:52Z,KEMX20260322_213852_V06,normal,20260322_213852_normal_003,3,32.25990310036621,-110.12101820228794,8862.333333333334,1.4048892024241282,2848.0,-3.5,-4.5,-3.6500000000000004,,,,0.2500870108429772,DBSCAN cluster
k7uaz_20260322,KEMX,2026-03-22T21:38:52Z,KEMX20260322_213852_V06,normal,20260322_213852_normal_004,3,32.24145154097674,-110.04346443676677,9430.0,8.089599581603563,2201.0,-1.0,-2.0,-1.05,,,,1.209208677203692,DBSCAN cluster
k7uaz_20260322,KEMX,2026-03-22T21:38:52Z,KEMX20260322_213852_V06,normal,20260322_213852_normal_005,2,32.216095710822685,-110.05131291776813,9168.0,9.48603070533004,2557.0,-2.0,-2.75,-2.075,,,,0.1250463718968333,DBSCAN cluster
k7uaz_20260322,KEMX,2026-03-22T21:45:50Z,KEMX20260322_214550_V06,loose,20260322_214550_loose_001,151,32.32157124699053,-110.0911546881506,8542.139072847682,2.099952524841064,1545.0,6.5,-1.3178807947019868,3.0,0.24666666666666667,0.9117647058823529,0.9030099288741155,11.952547154635454,DBSCAN cluster
k7uaz_20260322,KEMX,2026-03-22T21:45:50Z,KEMX20260322_214550_V06,loose,20260322_214550_loose_002,2,32.286638913066646,-110.21762861303934,6996.0,8.383466678890299,4732.0,-4.5,-4.75,-4.525,,,,0.1250724013664766,DBSCAN cluster
k7uaz_20260322,KEMX,2026-03-22T21:45:50Z,KEMX20260322_214550_V06,loose,20260322_214550_loose_003,5,32.26853525430683,-109.95617704586175,8683.0,15.365397300001232,2907.0,-2.5,-3.0,-2.5,,,,1.5504267747921996,DBSCAN cluster
k7uaz_20260322,KEMX,2026-03-22T21:45:50Z,KEMX20260322_214550_V06,loose,20260322_214550_loose_004,82,32.16857258764196,-110.21617174735607,7340.926829268293,8.84357242154595,3663.0,3.5,-4.75,-0.5249999999999986,0.0625,0.7567567567567568,0.860490173977964,10.714998866333424,DBSCAN cluster
k7uaz_20260322,KEMX,2026-03-22T21:45:50Z,KEMX20260322_214550_V06,normal,20260322_214550_normal_001,50,32.315552232275024,-110.08475740795079,9693.44,2.9976852541592085,1784.0,5.5,-1.26,3.549999999999997,0.2878787878787879,0.5909090909090909,0.936935460855884,7.478509641657901,DBSCAN cluster
k7uaz_20260322,KEMX,2026-03-22T21:45:50Z,KEMX20260322_214550_V06,normal,20260322_214550_normal_002,2,32.32312416973158,-110.14609191996502,9257.0,6.033239252725751,2468.0,-4.0,-4.5,-4.05,,,,0.12504637189707474,DBSCAN cluster
k7uaz_20260322,KEMX,2026-03-22T21:45:50Z,KEMX20260322_214550_V06,normal,20260322_214550_normal_003,2,32.25480155850265,-110.02833025131963,9759.0,9.621061945467558,1966.0,0.0,-1.25,-0.1250000000000001,,,,0.12501531269209298,DBSCAN cluster
k7uaz_20260322,KEMX,2026-03-22T21:45:50Z,KEMX20260322_214550_V06,normal,20260322_214550_normal_004,3,32.216465135095895,-110.07229014404044,9039.0,8.02416120598322,2671.0,-3.5,-4.166666666666667,-3.6,,,,0.2500781209111686,DBSCAN cluster
k7uaz_20260322,KEMX,2026-03-22T21:52:49Z,KEMX20260322_215249_V06,loose,20260322_215249_loose_001,122,32.31554973061208,-110.08265232509646,8718.704918032787,0.4365172731782724,1623.2666666666664,5.0,-1.3852459016393444,2.9749999999999943,0.14925373134328357,0.8472222222222222,0.9151562319602817,12.16576081335809,DBSCAN cluster
k7uaz_20260322,KEMX,2026-03-22T21:52:49Z,KEMX20260322_215249_V06,loose,20260322_215249_loose_002,56,32.1895867511752,-110.22171934568784,7453.142857142857,12.17701686330091,3933.2666666666664,1.0,-5.258928571428571,-1.375,0.21428571428571427,0.8275862068965517,0.7421999931335449,7.501153887334571,DBSCAN cluster
k7uaz_20260322,KEMX,2026-03-22T21:52:49Z,KEMX20260322_215249_V06,loose,20260322_215249_loose_003,2,32.345433216614936,-110.00103310618704,10660.0,11.499940270306238,1084.2666666666664,-1.5,-2.5,-1.6,,,,0.1250114302974203,DBSCAN cluster
k7uaz_20260322,KEMX,2026-03-22T21:52:49Z,KEMX20260322_215249_V06,normal,20260322_215249_normal_001,3,32.34413361900385,-110.12821634117086,9598.666666666666,8.662888582839232,2131.2666666666664,-2.0,-2.6666666666666665,-2.05,,,,0.8345915148094782,DBSCAN cluster
k7uaz_20260322,KEMX,2026-03-22T21:52:49Z,KEMX20260322_215249_V06,normal,20260322_215249_normal_002,42,32.30226288189208,-110.06605194508654,9728.47619047619,2.14711538293639,1623.2666666666664,4.5,-1.1666666666666667,3.4499999999999957,0.23333333333333334,0.8548387096774194,0.9151234361860487,5.176278223804021,DBSCAN cluster
k7uaz_20260322,KEMX,2026-03-22T21:52:49Z,KEMX20260322_215249_V06,normal,20260322_215249_normal_003,2,32.22339365044974,-110.06022474145823,9138.0,5.730319671129889,2606.2666666666664,0.0,-2.5,-0.2500000000000002,0.5,0.0,0.9566666781902314,0.12504831310255188,DBSCAN cluster
k7uaz_20260322,KEMX,2026-03-22T21:52:49Z,KEMX20260322_215249_V06,normal,20260322_215249_normal_004,4,32.22385649296163,-110.02588079889662,9464.5,7.1497592579876,2250.2666666666664,-2.0,-2.75,-2.075,,,,0.701614811064042,DBSCAN cluster
k7uaz_20260322,KEMX,2026-03-22T21:52:49Z,KEMX20260322_215249_V06,tight,20260322_215249_tight_001,5,32.29277120583444,-110.04649558774176,9813.0,4.233303346098331,1922.2666666666664,4.0,0.1,3.2999999999999994,0.3,1.1,1.0516666173934937,0.7683652482724996,DBSCAN cluster
k7uaz_20260322,KEMX,2026-03-22T21:59:43Z,KEMX20260322_215943_V06,loose,20260322_215943_loose_001,114,32.31514568881678,-110.07784016368113,8637.754385964912,0.8357821090604214,1640.5666666666675,5.0,-1.293859649122807,3.0,0.009259259259259259,1.3515625,0.9254081383043405,12.23080196303248,DBSCAN cluster
k7uaz_20260322,KEMX,2026-03-22T21:59:43Z,KEMX20260322_215943_V06,loose,20260322_215943_loose_002,22,32.18738322065341,-110.18552728011026,7633.636363636364,16.080272707631508,3715.566666666667,-3.5,-5.386363636363637,-3.5,0.3333333333333333,1.1666666666666667,1.0483332872390747,8.81242743125943,DBSCAN cluster
k7uaz_20260322,KEMX,2026-03-22T21:59:43Z,KEMX20260322_215943_V06,loose,20260322_215943_loose_003,2,32.30098341027142,-109.95053051335813,10749.5,7.786967232565336,1012.5666666666676,-1.0,-1.25,-1.025,,,,0.12494853754028121,DBSCAN cluster
k7uaz_20260322,KEMX,2026-03-22T21:59:43Z,KEMX20260322_215943_V06,normal,20260322_215943_normal_001,32,32.31121042428286,-110.06319156015577,9832.375,1.7147145273295787,1640.5666666666675,3.5,-1.125,3.0,0.2631578947368421,1.5217391304347827,0.9363333086172739,4.799311049267463,DBSCAN cluster
k7uaz_20260322,KEMX,2026-03-22T21:59:43Z,KEMX20260322_215943_V06,normal,20260322_215943_normal_002,5,32.228723208712765,-110.0636196966874,9147.0,5.367008646805537,2593.5666666666675,0.5,-2.5,-0.10000000000000053,0.5,1.5,1.0516666173934937,0.7099955227527607,DBSCAN cluster
k7uaz_20260322,KEMX,2026-03-22T21:59:43Z,KEMX20260322_215943_V06,normal,20260322_215943_normal_003,2,32.30098341027142,-109.95053051335813,10749.5,7.786967232565336,1012.5666666666676,-1.0,-1.25,-1.025,,,,0.12494853754028121,DBSCAN cluster
k7uaz_20260322,KEMX,2026-03-22T21:59:43Z,KEMX20260322_215943_V06,tight,20260322_215943_tight_001,2,32.30229316269043,-110.04097834982127,9941.0,3.8112909653714624,1820.5666666666675,-1.0,-1.5,-1.05,0.5,0.5,,0.12502695987979737,DBSCAN cluster
k7uaz_20260322,KEMX,2026-03-22T21:59:43Z,KEMX20260322_215943_V06,tight,20260322_215943_tight_002,3,32.28865665077981,-110.03990128472304,9837.0,2.4233729357368383,1909.5666666666675,2.5,0.6666666666666666,2.45,0.16666666666666666,1.0,0.9361111124356588,0.2500646588326211,DBSCAN cluster
k7uaz_20260322,KEMX,2026-03-22T21:59:43Z,KEMX20260322_215943_V06,tight,20260322_215943_tight_003,2,32.285909813984034,-110.02240530172585,9971.0,1.7147145273295787,1790.5666666666675,2.0,-0.25,1.775,,6.5,0.6949999928474426,0.1250269598811531,DBSCAN cluster
k7uaz_20260322,KEMX,2026-03-22T22:06:36Z,KEMX20260322_220636_V06,loose,20260322_220636_loose_001,130,32.29910060368882,-110.07231425412209,8557.953846153847,4.9678799901664386,1567.7999999999993,9.0,-1.2846153846153847,3.5,0.3227848101265823,1.0,0.8828902846272988,13.19449711449812,DBSCAN cluster
k7uaz_20260322,KEMX,2026-03-22T22:06:36Z,KEMX20260322_220636_V06,loose,20260322_220636_loose_002,2,32.10878417367745,-109.94382878604296,9613.5,18.08527672400927,2134.7999999999993,-4.0,-4.25,-4.025,,,,0.1249757271466128,DBSCAN cluster
k7uaz_20260322,KEMX,2026-03-22T22:06:36Z,KEMX20260322_220636_V06,normal,20260322_220636_normal_001,3,32.32018713265254,-110.05711191761868,9956.0,9.757913011608435,1776.7999999999993,4.0,-0.16666666666666666,3.3999999999999995,0.0,1.0,0.9049999912579855,0.25005429716444677,DBSCAN cluster
k7uaz_20260322,KEMX,2026-03-22T22:06:36Z,KEMX20260322_220636_V06,normal,20260322_220636_normal_002,6,32.29333769071292,-110.06075281341572,9693.0,8.088983816857807,1985.7999999999993,9.0,1.8333333333333333,7.75,1.5,2.0833333333333335,0.8822222153345743,1.136232655880014,DBSCAN cluster
k7uaz_20260322,KEMX,2026-03-22T22:06:36Z,KEMX20260322_220636_V06,normal,20260322_220636_normal_003,11,32.228597169325035,-110.04267580898524,9341.818181818182,6.501931388955285,2223.7999999999993,0.0,-3.090909090909091,0.0,0.2,0.7,0.9483333110809327,2.246429584172893,DBSCAN cluster
k7uaz_20260322,KEMX,2026-03-22T22:13:30Z,KEMX20260322_221330_V06,loose,20260322_221330_loose_001,84,32.285712484609384,-110.0593563497311,8777.654761904761,10.599611018506137,1756.0,4.5,-1.4523809523809523,2.924999999999997,-0.16346153846153846,1.1551724137931034,0.912976175280554,7.14673552265376,DBSCAN cluster
k7uaz_20260322,KEMX,2026-03-22T22:13:30Z,KEMX20260322_221330_V06,loose,20260322_221330_loose_002,2,32.36057668399246,-110.00250172545827,10779.5,14.909311450954672,1097.0,-1.5,-1.75,-1.525,,,,0.12505688786565605,DBSCAN cluster
k7uaz_20260322,KEMX,2026-03-22T22:13:30Z,KEMX20260322_221330_V06,loose,20260322_221330_loose_003,2,32.3356071142956,-109.89226540757926,11563.5,9.901973780683454,313.0,0.0,-1.0,-0.10000000000000009,,,,0.12503748543087062,DBSCAN cluster
k7uaz_20260322,KEMX,2026-03-22T22:13:30Z,KEMX20260322_221330_V06,normal,20260322_221330_normal_001,1,32.33496677575765,-109.89334509319676,11548.0,9.901973780683454,344.0,-2.0,-2.0,-2.0,,,,0.0,single-gate fallback; no multi-gate DBSCAN cluster
k7uaz_20260322,KEMX,2026-03-22T22:20:24Z,KEMX20260322_222024_V06,loose,20260322_222024_loose_001,55,32.2539715816315,-110.04420086593807,8714.0,15.36077294573009,1961.2000000000007,3.0,-2.1363636363636362,1.6499999999999986,0.26785714285714285,0.9032258064516129,0.9285483639086446,6.703835813159511,DBSCAN cluster
k7uaz_20260322,KEMX,2026-03-22T22:20:24Z,KEMX20260322_222024_V06,loose,20260322_222024_loose_002,4,32.28519940329457,-109.76952966712724,10267.0,9.888796515319338,1643.2000000000007,-1.5,-1.75,-1.5,,,,1.655242338097498,DBSCAN cluster
k7uaz_20260322,KEMX,2026-03-22T22:20:24Z,KEMX20260322_222024_V06,loose,20260322_222024_loose_003,2,32.33331588594555,-109.92276202049649,11261.5,12.966868032467127,670.2000000000007,-2.0,-2.25,-2.025,,,,0.12504524639834705,DBSCAN cluster
k7uaz_20260322,KEMX,2026-03-22T22:20:24Z,KEMX20260322_222024_V06,normal,20260322_222024_normal_001,1,32.27087292344986,-109.7650091013602,10230.0,9.888796515319338,1717.2000000000007,-2.0,-2.0,-2.0,,,,0.0,single-gate fallback; no multi-gate DBSCAN cluster
k7uaz_20260322,KEMX,2026-03-22T22:27:18Z,KEMX20260322_222718_V06,loose,20260322_222718_loose_001,4,32.23550444539612,-109.61685628141144,7690.25,15.26661854702703,3967.4,6.0,3.75,5.624999999999999,0.5,0.75,1.0516666173934937,2.307974605684934,DBSCAN cluster
k7uaz_20260322,KEMX,2026-03-22T22:27:18Z,KEMX20260322_222718_V06,loose,20260322_222718_loose_002,2,32.101639677317806,-109.88731787636186,7044.5,16.553050587143233,4741.4,-2.0,-2.25,-2.025,,,,0.12504450859459426,DBSCAN cluster
k7uaz_20260322,KEMX,2026-03-22T22:27:18Z,KEMX20260322_222718_V06,loose,20260322_222718_loose_003,2,32.239937440298405,-109.62818034992378,13636.5,15.73348540104716,1825.6000000000004,1.0,0.25,0.9249999999999999,,,,0.12498315886248623,DBSCAN cluster
k7uaz_20260322,KEMX,2026-03-22T22:27:18Z,KEMX20260322_222718_V06,loose,20260322_222718_loose_004,2,32.17985473831529,-109.60245335950802,13636.5,18.97043753085933,1825.6000000000004,4.0,2.5,3.8499999999999996,,,,0.12498315886038423,DBSCAN cluster
k7uaz_20260322,KEMX,2026-03-22T22:34:11Z,KEMX20260322_223411_V06,loose,20260322_223411_loose_001,2,32.194453604668766,-109.6102760055258,7625.0,17.258798143883705,4147.0,2.5,2.25,2.475,,,,0.12505267808902645,DBSCAN cluster
k7uaz_20260322,KEMX,2026-03-22T22:34:11Z,KEMX20260322_223411_V06,loose,20260322_223411_loose_002,2,32.25480999852754,-109.63543663963469,13636.5,14.67488788658576,1841.0,0.0,-0.25,-0.025000000000000022,,,,0.12498315886226807,DBSCAN cluster
k7uaz_20260322,KEMX,2026-03-22T22:34:11Z,KEMX20260322_223411_V06,loose,20260322_223411_loose_003,2,32.17977107918644,-109.60242141671907,13636.5,18.410774473904414,1841.0,5.0,4.0,4.9,0.25,0.75,1.0433332920074463,0.12498315886284739,DBSCAN cluster
k7uaz_20260322,KEMX,2026-03-22T22:41:05Z,KEMX20260322_224105_V06,loose,20260322_224105_loose_001,29,32.22861460035128,-109.62170146400409,9715.310344827587,14.673846394358756,456.0,6.0,2.2758620689655173,5.799999999999999,0.2,1.3333333333333333,0.9719999670982361,6.947978308723218,DBSCAN cluster
k7uaz_20260322,KEMX,2026-03-22T22:41:05Z,KEMX20260322_224105_V06,loose,20260322_224105_loose_002,2,32.159525919352454,-109.93485404275587,8288.5,15.598862224546275,3480.0,-2.5,-2.75,-2.525,,,,0.12499816130377188,DBSCAN cluster
k7uaz_20260322,KEMX,2026-03-22T22:41:05Z,KEMX20260322_224105_V06,loose,20260322_224105_loose_003,2,32.29672222760358,-109.98261006485868,10419.5,19.506539394375416,1346.0,-1.5,-2.5,-1.6,,,,0.12495630599344051,DBSCAN cluster
k7uaz_20260322,KEMX,2026-03-22T22:47:59Z,KEMX20260322_224759_V06,loose,20260322_224759_loose_001,14,32.231449920335315,-109.62039207262212,8957.92857142857,13.516935078018568,456.0,4.0,2.2857142857142856,4.0,0.5,0.5,0.8949999690055848,3.738296901983802,DBSCAN cluster
k7uaz_20260322,KEMX,2026-03-22T22:47:59Z,KEMX20260322_224759_V06,loose,20260322_224759_loose_002,2,32.24612797533138,-109.82240499304052,11624.0,3.4712290150529297,141.0,-1.5,-1.75,-1.525,,,,0.12498425359501776,DBSCAN cluster
k7uaz_20260322,KEMX,2026-03-22T22:47:59Z,KEMX20260322_224759_V06,loose,20260322_224759_loose_003,4,32.17219982011379,-109.5996172288436,13636.5,18.40792303569732,1841.0,3.0,2.125,2.925,0.0,0.0,0.823333352804184,0.897993832096662,DBSCAN cluster
k7uaz_20260322,KEMX,2026-03-22T22:47:59Z,KEMX20260322_224759_V06,loose,20260322_224759_loose_004,2,32.0907100248484,-109.7771098340881,11352.0,15.513639798176536,413.0,-1.0,-1.75,-1.0750000000000002,,,,0.1249842535946662,DBSCAN cluster
k7uaz_20260322,KEMX,2026-03-22T22:47:59Z,KEMX20260322_224759_V06,normal,20260322_224759_normal_001,2,32.24612797533138,-109.82240499304052,11624.0,3.4712290150529297,141.0,-1.5,-1.75,-1.525,,,,0.12498425359501776,DBSCAN cluster
k7uaz_20260322,KEMX,2026-03-22T22:47:59Z,KEMX20260322_224759_V06,tight,20260322_224759_tight_001,2,32.24612797533138,-109.82240499304052,11624.0,3.4712290150529297,141.0,-1.5,-1.75,-1.525,,,,0.12498425359501776,DBSCAN cluster
k7uaz_20260322,KEMX,2026-03-22T22:54:53Z,KEMX20260322_225453_V06,loose,20260322_225453_loose_001,24,32.219179005710586,-109.61559898998748,9590.416666666666,14.679375545092038,500.0,10.0,1.9375,3.924999999999999,0.16666666666666666,0.9444444444444444,0.8249999781449636,4.912583075447514,DBSCAN cluster
k7uaz_20260322,KEMX,2026-03-22T22:54:53Z,KEMX20260322_225453_V06,loose,20260322_225453_loose_002,2,32.147620735119716,-109.93366672885087,9911.5,16.20894999649004,1854.0,-4.0,-4.0,-4.0,,,,0.12497184291243528,DBSCAN cluster
