tracklet_id,tracklet_rank,case_id,radar_site,scan_time_utc,scan_filename,cluster_id,cluster_lat_deg,cluster_lon_deg,cluster_alt_m,n_gates,max_reflectivity_dbz,mean_reflectivity_dbz,p95_reflectivity_dbz,velocity_mean_ms,spectrum_width_mean_ms,rhohv_mean,compactness_km,range_km,azimuth_deg,elevation_deg,expected_alt_m,signed_vertical_m,abs_vertical_distance_m,nearest_grid,distance_to_nearest_grid_center_km,distance_to_track_corridor_km,inside_or_near_grid_corridor,balloon_like_cluster_score,notes
KEMX_T001,1,k7uaz_20260322,KEMX,2026-03-22T19:53:25Z,KEMX20260322_195325_V06,KEMX_20260322_195325_497,32.387394,-110.634818,4706.5,2,-3.0,-3.75,-3.1,,,,0.125,55.0,359.6,3.03,4701.3,5.2,5.2,DM42pi,6.45,4.93,True,0.7911,DBSCAN cluster discovery candidate
KEMX_T001,1,k7uaz_20260322,KEMX,2026-03-22T20:00:31Z,KEMX20260322_200031_V06,KEMX_20260322_200031_873,32.330834,-110.634366,5121.0,2,-1.5,-3.5,-1.7,0.5,1.0,1.052,0.125,48.75,359.5,3.96,5253.5,-132.5,132.5,DM42pi,2.21,1.32,True,0.7954,DBSCAN cluster discovery candidate
KEMX_T001,1,k7uaz_20260322,KEMX,2026-03-22T20:07:36Z,KEMX20260322_200736_V06,KEMX_20260322_200736_663,32.307385,-110.65124,5818.5,2,-5.0,-5.75,-5.1,,,,0.125,46.25,357.5,5.05,5804.4,14.1,14.1,DM42pi,4.86,4.1,True,0.7858,DBSCAN cluster discovery candidate
KEMX_T001,1,k7uaz_20260322,KEMX,2026-03-22T20:14:42Z,KEMX20260322_201442_V06,KEMX_20260322_201442_629,32.269329,-110.736586,6528.5,2,-6.0,-6.75,-6.1,0.75,4.25,1.052,0.125,43.25,346.5,6.37,6356.7,171.8,171.8,DM42oh,16.14,6.46,True,0.6922,DBSCAN cluster discovery candidate
KEMX_T001,1,k7uaz_20260322,KEMX,2026-03-22T20:21:35Z,KEMX20260322_202135_V06,KEMX_20260322_202135_568,32.279594,-110.747895,6688.0,3,-5.5,-6.5,-5.6,,0.0,1.052,0.25,44.62,345.6,6.37,6892.0,-204.0,204.0,DM42oh,19.3,4.93,True,0.6571,DBSCAN cluster discovery candidate
KEMX_T001,1,k7uaz_20260322,KEMX,2026-03-22T20:28:40Z,KEMX20260322_202840_V06,KEMX_20260322_202840_319,32.331478,-110.783348,7445.7,3,-4.5,-5.33,-4.5,,,,0.25,51.12,343.5,6.37,7443.0,2.7,2.7,DM42oh,24.72,1.74,True,0.676,DBSCAN cluster discovery candidate
KEMX_T002,2,k7uaz_20260322,KEMX,2026-03-22T19:53:25Z,KEMX20260322_195325_V06,KEMX_20260322_195325_497,32.387394,-110.634818,4706.5,2,-3.0,-3.75,-3.1,,,,0.125,55.0,359.6,3.03,4701.3,5.2,5.2,DM42pi,6.45,4.93,True,0.7911,DBSCAN cluster discovery candidate
KEMX_T002,2,k7uaz_20260322,KEMX,2026-03-22T20:00:31Z,KEMX20260322_200031_V06,KEMX_20260322_200031_869,32.368503,-110.654438,5439.5,2,-5.0,-5.0,-5.0,,,,0.125,53.0,357.5,3.96,5253.5,186.0,186.0,DM42pi,2.69,2.63,True,0.7623,DBSCAN cluster discovery candidate
KEMX_T002,2,k7uaz_20260322,KEMX,2026-03-22T20:07:36Z,KEMX20260322_200736_V06,KEMX_20260322_200736_649,32.303262,-110.702162,5818.5,2,-6.5,-7.25,-6.6,,,,0.125,46.25,351.6,5.05,5804.4,14.1,14.1,DM42pi,8.92,4.85,True,0.7569,DBSCAN cluster discovery candidate
KEMX_T002,2,k7uaz_20260322,KEMX,2026-03-22T20:14:42Z,KEMX20260322_201442_V06,KEMX_20260322_201442_629,32.269329,-110.736586,6528.5,2,-6.0,-6.75,-6.1,0.75,4.25,1.052,0.125,43.25,346.5,6.37,6356.7,171.8,171.8,DM42oh,16.14,6.46,True,0.6922,DBSCAN cluster discovery candidate
KEMX_T002,2,k7uaz_20260322,KEMX,2026-03-22T20:21:35Z,KEMX20260322_202135_V06,KEMX_20260322_202135_568,32.279594,-110.747895,6688.0,3,-5.5,-6.5,-5.6,,0.0,1.052,0.25,44.62,345.6,6.37,6892.0,-204.0,204.0,DM42oh,19.3,4.93,True,0.6571,DBSCAN cluster discovery candidate
KEMX_T002,2,k7uaz_20260322,KEMX,2026-03-22T20:28:40Z,KEMX20260322_202840_V06,KEMX_20260322_202840_319,32.331478,-110.783348,7445.7,3,-4.5,-5.33,-4.5,,,,0.25,51.12,343.5,6.37,7443.0,2.7,2.7,DM42oh,24.72,1.74,True,0.676,DBSCAN cluster discovery candidate
KEMX_T003,3,k7uaz_20260322,KEMX,2026-03-22T19:53:25Z,KEMX20260322_195325_V06,KEMX_20260322_195325_497,32.387394,-110.634818,4706.5,2,-3.0,-3.75,-3.1,,,,0.125,55.0,359.6,3.03,4701.3,5.2,5.2,DM42pi,6.45,4.93,True,0.7911,DBSCAN cluster discovery candidate
KEMX_T003,3,k7uaz_20260322,KEMX,2026-03-22T20:00:31Z,KEMX20260322_200031_V06,KEMX_20260322_200031_860,32.339373,-110.708662,5233.5,2,-5.0,-5.25,-5.0,-0.5,7.0,1.052,0.125,50.25,351.5,3.96,5253.5,-20.0,20.0,DM42pi,5.39,1.08,True,0.782,DBSCAN cluster discovery candidate
KEMX_T003,3,k7uaz_20260322,KEMX,2026-03-22T20:07:36Z,KEMX20260322_200736_V06,KEMX_20260322_200736_641,32.30168,-110.728036,5841.5,2,-3.5,-4.75,-3.6,,,,0.125,46.5,348.5,5.05,5804.4,37.1,37.1,DM42pi,11.19,3.77,True,0.7581,DBSCAN cluster discovery candidate
KEMX_T003,3,k7uaz_20260322,KEMX,2026-03-22T20:14:42Z,KEMX20260322_201442_V06,KEMX_20260322_201442_629,32.269329,-110.736586,6528.5,2,-6.0,-6.75,-6.1,0.75,4.25,1.052,0.125,43.25,346.5,6.37,6356.7,171.8,171.8,DM42oh,16.14,6.46,True,0.6922,DBSCAN cluster discovery candidate
KEMX_T003,3,k7uaz_20260322,KEMX,2026-03-22T20:21:35Z,KEMX20260322_202135_V06,KEMX_20260322_202135_568,32.279594,-110.747895,6688.0,3,-5.5,-6.5,-5.6,,0.0,1.052,0.25,44.62,345.6,6.37,6892.0,-204.0,204.0,DM42oh,19.3,4.93,True,0.6571,DBSCAN cluster discovery candidate
KEMX_T003,3,k7uaz_20260322,KEMX,2026-03-22T20:28:40Z,KEMX20260322_202840_V06,KEMX_20260322_202840_319,32.331478,-110.783348,7445.7,3,-4.5,-5.33,-4.5,,,,0.25,51.12,343.5,6.37,7443.0,2.7,2.7,DM42oh,24.72,1.74,True,0.676,DBSCAN cluster discovery candidate
KEMX_T004,4,k7uaz_20260322,KEMX,2026-03-22T19:53:25Z,KEMX20260322_195325_V06,KEMX_20260322_195325_489,32.391056,-110.760378,4810.5,2,-1.5,-2.25,-1.6,1.75,9.5,1.052,0.125,56.75,347.5,3.03,4701.3,109.2,109.2,DM42pi,8.59,6.35,True,0.7681,DBSCAN cluster discovery candidate
KEMX_T004,4,k7uaz_20260322,KEMX,2026-03-22T20:00:31Z,KEMX20260322_200031_V06,KEMX_20260322_200031_860,32.339373,-110.708662,5233.5,2,-5.0,-5.25,-5.0,-0.5,7.0,1.052,0.125,50.25,351.5,3.96,5253.5,-20.0,20.0,DM42pi,5.39,1.08,True,0.782,DBSCAN cluster discovery candidate
KEMX_T004,4,k7uaz_20260322,KEMX,2026-03-22T20:07:36Z,KEMX20260322_200736_V06,KEMX_20260322_200736_663,32.307385,-110.65124,5818.5,2,-5.0,-5.75,-5.1,,,,0.125,46.25,357.5,5.05,5804.4,14.1,14.1,DM42pi,4.86,4.1,True,0.7858,DBSCAN cluster discovery candidate
KEMX_T004,4,k7uaz_20260322,KEMX,2026-03-22T20:14:42Z,KEMX20260322_201442_V06,KEMX_20260322_201442_471,32.353516,-110.528887,6381.5,2,-6.5,-6.75,-6.5,,,,0.125,52.25,10.5,5.05,6356.7,24.8,24.8,DM42pi,5.58,2.3,True,0.7715,DBSCAN cluster discovery candidate
KEMX_T004,4,k7uaz_20260322,KEMX,2026-03-22T20:21:35Z,KEMX20260322_202135_V06,KEMX_20260322_202135_228,32.367675,-110.505281,6583.0,2,-5.5,-6.25,-5.6,,,,0.125,54.25,12.6,5.07,6892.0,-309.0,309.0,DM42pi,5.79,4.11,True,0.7194,DBSCAN cluster discovery candidate
KEMX_T004,4,k7uaz_20260322,KEMX,2026-03-22T20:28:40Z,KEMX20260322_202840_V06,KEMX_20260322_202840_338,32.373402,-110.482834,7907.5,2,-5.0,-5.5,-5.0,,,,0.125,55.5,14.5,6.32,7443.0,464.5,464.5,DM42uh,5.8,4.98,True,0.6911,DBSCAN cluster discovery candidate
KEMX_T004,4,k7uaz_20260322,KEMX,2026-03-22T20:49:55Z,KEMX20260322_204955_V06,KEMX_20260322_204955_213,32.427367,-110.367497,9049.5,2,-5.0,-5.0,-5.0,,,,0.125,64.75,22.6,6.37,9095.7,-46.2,46.2,DM42uh,12.7,12.17,True,0.7402,DBSCAN cluster discovery candidate
KEMX_T005,5,k7uaz_20260322,KEMX,2026-03-22T19:53:25Z,KEMX20260322_195325_V06,KEMX_20260322_195325_495,32.39856,-110.687353,4795.5,2,-3.0,-3.25,-3.0,,,,0.125,56.5,354.5,3.03,4701.3,94.2,94.2,DM42pi,5.67,5.61,True,0.7772,DBSCAN cluster discovery candidate
KEMX_T005,5,k7uaz_20260322,KEMX,2026-03-22T20:00:31Z,KEMX20260322_200031_V06,KEMX_20260322_200031_864,32.354786,-110.69198,5346.0,2,-3.0,-3.25,-3.0,0.0,0.75,,0.125,51.75,353.5,3.96,5253.5,92.5,92.5,DM42pi,3.96,0.72,True,0.786,DBSCAN cluster discovery candidate
KEMX_T005,5,k7uaz_20260322,KEMX,2026-03-22T20:07:36Z,KEMX20260322_200736_V06,KEMX_20260322_200736_649,32.303262,-110.702162,5818.5,2,-6.5,-7.25,-6.6,,,,0.125,46.25,351.6,5.05,5804.4,14.1,14.1,DM42pi,8.92,4.85,True,0.7569,DBSCAN cluster discovery candidate
KEMX_T005,5,k7uaz_20260322,KEMX,2026-03-22T20:14:42Z,KEMX20260322_201442_V06,KEMX_20260322_201442_629,32.269329,-110.736586,6528.5,2,-6.0,-6.75,-6.1,0.75,4.25,1.052,0.125,43.25,346.5,6.37,6356.7,171.8,171.8,DM42oh,16.14,6.46,True,0.6922,DBSCAN cluster discovery candidate
KEMX_T005,5,k7uaz_20260322,KEMX,2026-03-22T20:21:35Z,KEMX20260322_202135_V06,KEMX_20260322_202135_568,32.279594,-110.747895,6688.0,3,-5.5,-6.5,-5.6,,0.0,1.052,0.25,44.62,345.6,6.37,6892.0,-204.0,204.0,DM42oh,19.3,4.93,True,0.6571,DBSCAN cluster discovery candidate
KEMX_T005,5,k7uaz_20260322,KEMX,2026-03-22T20:28:40Z,KEMX20260322_202840_V06,KEMX_20260322_202840_319,32.331478,-110.783348,7445.7,3,-4.5,-5.33,-4.5,,,,0.25,51.12,343.5,6.37,7443.0,2.7,2.7,DM42oh,24.72,1.74,True,0.676,DBSCAN cluster discovery candidate
KEMX_T006,6,k7uaz_20260322,KEMX,2026-03-22T19:53:25Z,KEMX20260322_195325_V06,KEMX_20260322_195325_599,32.229177,-110.725138,4729.8,4,-6.5,-8.0,-6.6,,,,0.391,38.5,346.5,4.5,4701.3,28.4,28.4,DM42oh,13.7,10.85,True,0.6977,DBSCAN cluster discovery candidate
KEMX_T006,6,k7uaz_20260322,KEMX,2026-03-22T20:00:31Z,KEMX20260322_200031_V06,KEMX_20260322_200031_1002,32.275286,-110.665351,5492.5,2,-3.5,-6.0,-3.8,,,,0.125,42.75,355.6,5.05,5253.5,239.0,239.0,DM42pi,7.8,7.79,True,0.7347,DBSCAN cluster discovery candidate
KEMX_T006,6,k7uaz_20260322,KEMX,2026-03-22T20:07:36Z,KEMX20260322_200736_V06,KEMX_20260322_200736_663,32.307385,-110.65124,5818.5,2,-5.0,-5.75,-5.1,,,,0.125,46.25,357.5,5.05,5804.4,14.1,14.1,DM42pi,4.86,4.1,True,0.7858,DBSCAN cluster discovery candidate
KEMX_T006,6,k7uaz_20260322,KEMX,2026-03-22T20:14:42Z,KEMX20260322_201442_V06,KEMX_20260322_201442_465,32.341311,-110.634516,6170.0,2,-7.0,-7.25,-7.0,,,,0.125,50.0,359.5,5.05,6356.7,-186.7,186.7,DM42pi,4.63,0.17,True,0.741,DBSCAN cluster discovery candidate
KEMX_T006,6,k7uaz_20260322,KEMX,2026-03-22T20:21:35Z,KEMX20260322_202135_V06,KEMX_20260322_202135_218,32.415829,-110.678472,6925.0,2,-0.5,-3.0,-0.8,,,,0.125,58.5,355.5,5.01,6892.0,33.0,33.0,DM42pi,14.79,7.61,True,0.7581,DBSCAN cluster discovery candidate
KEMX_T006,6,k7uaz_20260322,KEMX,2026-03-22T20:28:40Z,KEMX20260322_202840_V06,KEMX_20260322_202840_201,32.441125,-110.738211,7299.0,2,-0.5,-2.5,-0.7,,,,0.125,62.0,350.6,5.05,7443.0,-144.0,144.0,DM42pi,23.8,10.49,True,0.6909,DBSCAN cluster discovery candidate
KEMX_T007,7,k7uaz_20260322,KEMX,2026-03-22T19:53:25Z,KEMX20260322_195325_V06,KEMX_20260322_195325_497,32.387394,-110.634818,4706.5,2,-3.0,-3.75,-3.1,,,,0.125,55.0,359.6,3.03,4701.3,5.2,5.2,DM42pi,6.45,4.93,True,0.7911,DBSCAN cluster discovery candidate
KEMX_T007,7,k7uaz_20260322,KEMX,2026-03-22T20:00:31Z,KEMX20260322_200031_V06,KEMX_20260322_200031_868,32.325964,-110.652261,5084.0,2,-4.5,-5.25,-4.6,0.5,2.75,1.052,0.125,48.25,357.5,3.96,5253.5,-169.5,169.5,DM42pi,2.06,2.05,True,0.7716,DBSCAN cluster discovery candidate
KEMX_T007,7,k7uaz_20260322,KEMX,2026-03-22T20:07:36Z,KEMX20260322_200736_V06,KEMX_20260322_200736_663,32.307385,-110.65124,5818.5,2,-5.0,-5.75,-5.1,,,,0.125,46.25,357.5,5.05,5804.4,14.1,14.1,DM42pi,4.86,4.1,True,0.7858,DBSCAN cluster discovery candidate
KEMX_T007,7,k7uaz_20260322,KEMX,2026-03-22T20:14:42Z,KEMX20260322_201442_V06,KEMX_20260322_201442_471,32.353516,-110.528887,6381.5,2,-6.5,-6.75,-6.5,,,,0.125,52.25,10.5,5.05,6356.7,24.8,24.8,DM42pi,5.58,2.3,True,0.7715,DBSCAN cluster discovery candidate
KEMX_T007,7,k7uaz_20260322,KEMX,2026-03-22T20:21:35Z,KEMX20260322_202135_V06,KEMX_20260322_202135_228,32.367675,-110.505281,6583.0,2,-5.5,-6.25,-5.6,,,,0.125,54.25,12.6,5.07,6892.0,-309.0,309.0,DM42pi,5.79,4.11,True,0.7194,DBSCAN cluster discovery candidate
KEMX_T007,7,k7uaz_20260322,KEMX,2026-03-22T20:28:40Z,KEMX20260322_202840_V06,KEMX_20260322_202840_338,32.373402,-110.482834,7907.5,2,-5.0,-5.5,-5.0,,,,0.125,55.5,14.5,6.32,7443.0,464.5,464.5,DM42uh,5.8,4.98,True,0.6911,DBSCAN cluster discovery candidate
KEMX_T007,7,k7uaz_20260322,KEMX,2026-03-22T20:35:45Z,KEMX20260322_203545_V06,KEMX_20260322_203545_304,32.353967,-110.392678,8046.5,2,-3.5,-4.75,-3.6,,,,0.125,56.25,23.5,6.37,7993.9,52.6,52.6,DM42uh,9.31,3.78,True,0.7645,DBSCAN cluster discovery candidate
KEMX_T007,7,k7uaz_20260322,KEMX,2026-03-22T20:57:01Z,KEMX20260322_205701_V06,KEMX_20260322_205701_169,32.328725,-110.104091,9643.0,2,1.0,0.0,0.9,,0.0,,0.125,69.75,45.5,6.37,9648.0,-5.0,5.0,DM42wg,26.69,6.54,True,0.7128,DBSCAN cluster discovery candidate
KEMX_T008,8,k7uaz_20260322,KEMX,2026-03-22T19:53:25Z,KEMX20260322_195325_V06,KEMX_20260322_195325_497,32.387394,-110.634818,4706.5,2,-3.0,-3.75,-3.1,,,,0.125,55.0,359.6,3.03,4701.3,5.2,5.2,DM42pi,6.45,4.93,True,0.7911,DBSCAN cluster discovery candidate
KEMX_T008,8,k7uaz_20260322,KEMX,2026-03-22T20:00:31Z,KEMX20260322_200031_V06,KEMX_20260322_200031_860,32.339373,-110.708662,5233.5,2,-5.0,-5.25,-5.0,-0.5,7.0,1.052,0.125,50.25,351.5,3.96,5253.5,-20.0,20.0,DM42pi,5.39,1.08,True,0.782,DBSCAN cluster discovery candidate
KEMX_T008,8,k7uaz_20260322,KEMX,2026-03-22T20:07:36Z,KEMX20260322_200736_V06,KEMX_20260322_200736_641,32.30168,-110.728036,5841.5,2,-3.5,-4.75,-3.6,,,,0.125,46.5,348.5,5.05,5804.4,37.1,37.1,DM42pi,11.19,3.77,True,0.7581,DBSCAN cluster discovery candidate
KEMX_T008,8,k7uaz_20260322,KEMX,2026-03-22T20:14:42Z,KEMX20260322_201442_V06,KEMX_20260322_201442_627,32.26594,-110.752063,6528.5,6,-3.0,-6.0,-3.4,0.2,0.5,0.99,0.625,43.25,344.5,6.37,6356.7,171.8,171.8,DM42oh,17.6,6.04,True,0.6395,DBSCAN cluster discovery candidate
KEMX_T008,8,k7uaz_20260322,KEMX,2026-03-22T20:21:35Z,KEMX20260322_202135_V06,KEMX_20260322_202135_564,32.272647,-110.762686,6644.5,2,-7.0,-7.5,-7.0,,,,0.125,44.25,343.5,6.37,6892.0,-247.5,247.5,DM42oh,20.87,4.89,True,0.6477,DBSCAN cluster discovery candidate
KEMX_T008,8,k7uaz_20260322,KEMX,2026-03-22T20:28:40Z,KEMX20260322_202840_V06,KEMX_20260322_202840_319,32.331478,-110.783348,7445.7,3,-4.5,-5.33,-4.5,,,,0.25,51.12,343.5,6.37,7443.0,2.7,2.7,DM42oh,24.72,1.74,True,0.676,DBSCAN cluster discovery candidate
KEMX_T009,9,k7uaz_20260322,KEMX,2026-03-22T19:53:25Z,KEMX20260322_195325_V06,KEMX_20260322_195325_496,32.378279,-110.644749,4647.5,2,-4.0,-4.75,-4.1,,,,0.125,54.0,358.6,3.03,4701.3,-53.8,53.8,DM42pi,5.07,3.82,True,0.7825,DBSCAN cluster discovery candidate
KEMX_T009,9,k7uaz_20260322,KEMX,2026-03-22T20:00:31Z,KEMX20260322_200031_V06,KEMX_20260322_200031_869,32.368503,-110.654438,5439.5,2,-5.0,-5.0,-5.0,,,,0.125,53.0,357.5,3.96,5253.5,186.0,186.0,DM42pi,2.69,2.63,True,0.7623,DBSCAN cluster discovery candidate
KEMX_T009,9,k7uaz_20260322,KEMX,2026-03-22T20:07:36Z,KEMX20260322_200736_V06,KEMX_20260322_200736_649,32.303262,-110.702162,5818.5,2,-6.5,-7.25,-6.6,,,,0.125,46.25,351.6,5.05,5804.4,14.1,14.1,DM42pi,8.92,4.85,True,0.7569,DBSCAN cluster discovery candidate
KEMX_T009,9,k7uaz_20260322,KEMX,2026-03-22T20:14:42Z,KEMX20260322_201442_V06,KEMX_20260322_201442_629,32.269329,-110.736586,6528.5,2,-6.0,-6.75,-6.1,0.75,4.25,1.052,0.125,43.25,346.5,6.37,6356.7,171.8,171.8,DM42oh,16.14,6.46,True,0.6922,DBSCAN cluster discovery candidate
KEMX_T009,9,k7uaz_20260322,KEMX,2026-03-22T20:21:35Z,KEMX20260322_202135_V06,KEMX_20260322_202135_564,32.272647,-110.762686,6644.5,2,-7.0,-7.5,-7.0,,,,0.125,44.25,343.5,6.37,6892.0,-247.5,247.5,DM42oh,20.87,4.89,True,0.6477,DBSCAN cluster discovery candidate
KEMX_T009,9,k7uaz_20260322,KEMX,2026-03-22T20:28:40Z,KEMX20260322_202840_V06,KEMX_20260322_202840_319,32.331478,-110.783348,7445.7,3,-4.5,-5.33,-4.5,,,,0.25,51.12,343.5,6.37,7443.0,2.7,2.7,DM42oh,24.72,1.74,True,0.676,DBSCAN cluster discovery candidate
KEMX_T010,10,k7uaz_20260322,KEMX,2026-03-22T19:53:25Z,KEMX20260322_195325_V06,KEMX_20260322_195325_497,32.387394,-110.634818,4706.5,2,-3.0,-3.75,-3.1,,,,0.125,55.0,359.6,3.03,4701.3,5.2,5.2,DM42pi,6.45,4.93,True,0.7911,DBSCAN cluster discovery candidate
KEMX_T010,10,k7uaz_20260322,KEMX,2026-03-22T20:00:31Z,KEMX20260322_200031_V06,KEMX_20260322_200031_860,32.339373,-110.708662,5233.5,2,-5.0,-5.25,-5.0,-0.5,7.0,1.052,0.125,50.25,351.5,3.96,5253.5,-20.0,20.0,DM42pi,5.39,1.08,True,0.782,DBSCAN cluster discovery candidate
KEMX_T010,10,k7uaz_20260322,KEMX,2026-03-22T20:07:36Z,KEMX20260322_200736_V06,KEMX_20260322_200736_631,32.297154,-110.780349,5912.0,2,-3.5,-5.5,-3.7,,,,0.125,47.25,342.5,5.05,5804.4,107.6,107.6,DM42oh,15.98,1.69,True,0.7201,DBSCAN cluster discovery candidate
KEMX_T010,10,k7uaz_20260322,KEMX,2026-03-22T20:14:42Z,KEMX20260322_201442_V06,KEMX_20260322_201442_452,32.32971,-110.822839,6358.0,2,-3.0,-4.5,-3.2,,,,0.125,52.0,339.5,5.05,6356.7,1.3,1.3,DM42oh,22.33,3.38,True,0.7125,DBSCAN cluster discovery candidate
KEMX_T010,10,k7uaz_20260322,KEMX,2026-03-22T20:21:35Z,KEMX20260322_202135_V06,KEMX_20260322_202135_402,32.389223,-110.860937,7067.5,2,0.0,-1.5,-0.2,,1.0,0.858,0.125,59.5,338.5,5.05,6892.0,175.5,175.5,DM42oh,29.52,10.91,True,0.6588,DBSCAN cluster discovery candidate
KEMX_T010,10,k7uaz_20260322,KEMX,2026-03-22T20:28:40Z,KEMX20260322_202840_V06,KEMX_20260322_202840_188,32.405865,-110.868798,7231.5,2,-4.5,-5.0,-4.5,,,,0.125,61.5,338.5,5.03,7443.0,-211.5,211.5,DM42oh,33.75,12.9,True,0.6047,DBSCAN cluster discovery candidate
KIWA_T001,1,k7uaz_20260322,KIWA,2026-03-22T19:26:39Z,KIWA20260322_192639_V06,KIWA_20260322_192639_300,32.255364,-110.839702,2843.5,2,1.5,0.5,1.4,,,,0.125,138.75,145.7,0.53,2807.1,36.4,36.4,DM42ng,5.07,3.21,True,0.8174,DBSCAN cluster discovery candidate
KIWA_T001,1,k7uaz_20260322,KIWA,2026-03-22T19:33:45Z,KIWA20260322_193345_V06,KIWA_20260322_193345_321,32.256827,-110.856321,2818.0,2,1.0,0.75,1.0,,,0.98,0.125,137.75,146.2,0.53,3328.5,-510.5,510.5,DM42ng,4.81,2.34,True,0.7211,DBSCAN cluster discovery candidate
KIWA_T001,1,k7uaz_20260322,KIWA,2026-03-22T19:40:52Z,KIWA20260322_194052_V06,KIWA_20260322_194052_461,32.257,-110.85654,3768.0,2,2.5,1.75,2.4,,,1.013,0.125,137.75,146.3,0.92,3837.7,-69.7,69.7,DM42ng,11.05,2.31,True,0.7866,DBSCAN cluster discovery candidate
KIWA_T001,1,k7uaz_20260322,KIWA,2026-03-22T19:48:00Z,KIWA20260322_194800_V06,KIWA_20260322_194800_519,32.315397,-110.827107,4573.0,4,6.0,3.75,6.0,,,1.007,0.129,134.0,143.7,1.32,4280.0,293.0,293.0,DM42oh,11.66,2.16,True,0.7461,DBSCAN cluster discovery candidate
KIWA_T001,1,k7uaz_20260322,KIWA,2026-03-22T19:55:07Z,KIWA20260322_195507_V06,KIWA_20260322_195507_378,32.338281,-110.800838,4550.6,5,17.0,4.1,14.8,2.0,1.5,0.972,0.302,133.43,142.2,1.32,4833.5,-282.9,282.9,DM42oh,11.69,3.23,True,0.7916,DBSCAN cluster discovery candidate
KIWA_T001,1,k7uaz_20260322,KIWA,2026-03-22T20:02:14Z,KIWA20260322_200214_V06,KIWA_20260322_200214_169,32.466688,-110.749812,5407.0,3,4.5,3.83,4.5,-1.83,4.33,1.052,0.25,125.62,136.5,1.85,5387.0,20.0,20.0,DM42pi,16.93,13.52,True,0.763,DBSCAN cluster discovery candidate
KIWA_T002,2,k7uaz_20260322,KIWA,2026-03-22T19:26:39Z,KIWA20260322_192639_V06,KIWA_20260322_192639_324,32.19818,-110.93447,2863.0,2,4.5,2.75,4.3,,,1.022,0.125,139.5,150.2,0.53,2807.1,55.9,55.9,DM42mg,8.98,8.0,True,0.8111,DBSCAN cluster discovery candidate
KIWA_T002,2,k7uaz_20260322,KIWA,2026-03-22T19:33:45Z,KIWA20260322_193345_V06,KIWA_20260322_193345_338,32.199746,-110.920461,2875.5,2,1.0,-0.25,0.9,,,1.052,0.125,140.0,149.7,0.53,3328.5,-453.0,453.0,DM42mg,13.52,7.82,True,0.689,DBSCAN cluster discovery candidate
KIWA_T002,2,k7uaz_20260322,KIWA,2026-03-22T19:40:52Z,KIWA20260322_194052_V06,KIWA_20260322_194052_463,32.25114,-110.867186,3768.0,2,6.0,4.0,5.8,,,1.052,0.125,137.75,146.7,0.92,3837.7,-69.7,69.7,DM42ng,12.24,2.42,True,0.8007,DBSCAN cluster discovery candidate
KIWA_T002,2,k7uaz_20260322,KIWA,2026-03-22T19:48:00Z,KIWA20260322_194800_V06,KIWA_20260322_194800_519,32.315397,-110.827107,4573.0,4,6.0,3.75,6.0,,,1.007,0.129,134.0,143.7,1.32,4280.0,293.0,293.0,DM42oh,11.66,2.16,True,0.7461,DBSCAN cluster discovery candidate
KIWA_T002,2,k7uaz_20260322,KIWA,2026-03-22T19:55:07Z,KIWA20260322_195507_V06,KIWA_20260322_195507_378,32.338281,-110.800838,4550.6,5,17.0,4.1,14.8,2.0,1.5,0.972,0.302,133.43,142.2,1.32,4833.5,-282.9,282.9,DM42oh,11.69,3.23,True,0.7916,DBSCAN cluster discovery candidate
KIWA_T002,2,k7uaz_20260322,KIWA,2026-03-22T20:02:14Z,KIWA20260322_200214_V06,KIWA_20260322_200214_169,32.466688,-110.749812,5407.0,3,4.5,3.83,4.5,-1.83,4.33,1.052,0.25,125.62,136.5,1.85,5387.0,20.0,20.0,DM42pi,16.93,13.52,True,0.763,DBSCAN cluster discovery candidate
KIWA_T003,3,k7uaz_20260322,KIWA,2026-03-22T19:26:39Z,KIWA20260322_192639_V06,KIWA_20260322_192639_300,32.255364,-110.839702,2843.5,2,1.5,0.5,1.4,,,,0.125,138.75,145.7,0.53,2807.1,36.4,36.4,DM42ng,5.07,3.21,True,0.8174,DBSCAN cluster discovery candidate
KIWA_T003,3,k7uaz_20260322,KIWA,2026-03-22T19:33:45Z,KIWA20260322_193345_V06,KIWA_20260322_193345_321,32.256827,-110.856321,2818.0,2,1.0,0.75,1.0,,,0.98,0.125,137.75,146.2,0.53,3328.5,-510.5,510.5,DM42ng,4.81,2.34,True,0.7211,DBSCAN cluster discovery candidate
KIWA_T003,3,k7uaz_20260322,KIWA,2026-03-22T19:40:52Z,KIWA20260322_194052_V06,KIWA_20260322_194052_461,32.257,-110.85654,3768.0,2,2.5,1.75,2.4,,,1.013,0.125,137.75,146.3,0.92,3837.7,-69.7,69.7,DM42ng,11.05,2.31,True,0.7866,DBSCAN cluster discovery candidate
KIWA_T003,3,k7uaz_20260322,KIWA,2026-03-22T19:48:00Z,KIWA20260322_194800_V06,KIWA_20260322_194800_519,32.315397,-110.827107,4573.0,4,6.0,3.75,6.0,,,1.007,0.129,134.0,143.7,1.32,4280.0,293.0,293.0,DM42oh,11.66,2.16,True,0.7461,DBSCAN cluster discovery candidate
KIWA_T003,3,k7uaz_20260322,KIWA,2026-03-22T19:55:07Z,KIWA20260322_195507_V06,KIWA_20260322_195507_376,32.34509,-110.791223,4548.7,6,13.5,3.5,11.8,2.5,,0.905,0.253,133.38,141.7,1.32,4833.5,-284.8,284.8,DM42oh,10.75,3.42,True,0.7734,DBSCAN cluster discovery candidate
KIWA_T003,3,k7uaz_20260322,KIWA,2026-03-22T20:02:14Z,KIWA20260322_200214_V06,KIWA_20260322_200214_170,32.437712,-110.812751,5336.7,3,5.5,3.33,5.2,-4.17,4.83,1.052,0.25,124.12,139.6,1.85,5387.0,-50.3,50.3,DM42pi,19.02,13.33,True,0.7522,DBSCAN cluster discovery candidate
KIWA_T004,4,k7uaz_20260322,KIWA,2026-03-22T19:26:39Z,KIWA20260322_192639_V06,KIWA_20260322_192639_329,32.218439,-110.962432,2780.0,2,0.5,-0.5,0.4,,,0.512,0.125,136.25,150.7,0.53,2807.1,-27.1,27.1,DM42mg,8.85,5.74,True,0.7947,DBSCAN cluster discovery candidate
KIWA_T004,4,k7uaz_20260322,KIWA,2026-03-22T19:33:45Z,KIWA20260322_193345_V06,KIWA_20260322_193345_475,32.27399,-110.97086,3537.0,2,-0.5,-0.75,-0.5,,,1.052,0.125,130.5,149.7,0.92,3328.5,208.5,208.5,DM42mg,13.57,1.11,True,0.7291,DBSCAN cluster discovery candidate
KIWA_T004,4,k7uaz_20260322,KIWA,2026-03-22T19:40:52Z,KIWA20260322_194052_V06,KIWA_20260322_194052_469,32.313397,-110.97047,3857.0,8,4.5,2.0,4.3,0.25,0.0,0.905,0.456,126.75,148.7,1.12,3837.7,19.3,19.3,DM42mg,19.13,4.93,True,0.7054,DBSCAN cluster discovery candidate
KIWA_T004,4,k7uaz_20260322,KIWA,2026-03-22T19:48:00Z,KIWA20260322_194800_V06,KIWA_20260322_194800_520,32.426633,-110.93547,3967.5,4,3.0,1.75,3.0,,,1.0,0.134,118.0,144.2,1.32,4280.0,-312.5,312.5,DM42mg,22.82,17.44,True,0.6689,DBSCAN cluster discovery candidate
KIWA_T004,4,k7uaz_20260322,KIWA,2026-03-22T19:55:07Z,KIWA20260322_195507_V06,KIWA_20260322_195507_405,32.450665,-110.854762,5168.2,4,10.0,5.38,9.6,0.25,0.12,0.902,0.375,120.5,140.5,1.85,4833.5,334.8,334.8,DM42oh,20.31,16.58,True,0.6989,DBSCAN cluster discovery candidate
KIWA_T004,4,k7uaz_20260322,KIWA,2026-03-22T20:02:14Z,KIWA20260322_200214_V06,KIWA_20260322_200214_170,32.437712,-110.812751,5336.7,3,5.5,3.33,5.2,-4.17,4.83,1.052,0.25,124.12,139.6,1.85,5387.0,-50.3,50.3,DM42pi,19.02,13.33,True,0.7522,DBSCAN cluster discovery candidate
KIWA_T004,4,k7uaz_20260322,KIWA,2026-03-22T20:23:34Z,KIWA20260322_202334_V06,KIWA_20260322_202334_015,32.411261,-110.722324,7124.5,2,4.5,3.5,4.4,,,,0.125,132.0,137.5,2.46,7046.3,78.2,78.2,DM42pi,18.81,6.92,True,0.7575,DBSCAN cluster discovery candidate
KIWA_T005,5,k7uaz_20260322,KIWA,2026-03-22T19:26:39Z,KIWA20260322_192639_V06,KIWA_20260322_192639_324,32.19818,-110.93447,2863.0,2,4.5,2.75,4.3,,,1.022,0.125,139.5,150.2,0.53,2807.1,55.9,55.9,DM42mg,8.98,8.0,True,0.8111,DBSCAN cluster discovery candidate
KIWA_T005,5,k7uaz_20260322,KIWA,2026-03-22T19:33:45Z,KIWA20260322_193345_V06,KIWA_20260322_193345_338,32.199746,-110.920461,2875.5,2,1.0,-0.25,0.9,,,1.052,0.125,140.0,149.7,0.53,3328.5,-453.0,453.0,DM42mg,13.52,7.82,True,0.689,DBSCAN cluster discovery candidate
KIWA_T005,5,k7uaz_20260322,KIWA,2026-03-22T19:40:52Z,KIWA20260322_194052_V06,KIWA_20260322_194052_461,32.257,-110.85654,3768.0,2,2.5,1.75,2.4,,,1.013,0.125,137.75,146.3,0.92,3837.7,-69.7,69.7,DM42ng,11.05,2.31,True,0.7866,DBSCAN cluster discovery candidate
KIWA_T005,5,k7uaz_20260322,KIWA,2026-03-22T19:48:00Z,KIWA20260322_194800_V06,KIWA_20260322_194800_519,32.315397,-110.827107,4573.0,4,6.0,3.75,6.0,,,1.007,0.129,134.0,143.7,1.32,4280.0,293.0,293.0,DM42oh,11.66,2.16,True,0.7461,DBSCAN cluster discovery candidate
KIWA_T005,5,k7uaz_20260322,KIWA,2026-03-22T19:55:07Z,KIWA20260322_195507_V06,KIWA_20260322_195507_378,32.338281,-110.800838,4550.6,5,17.0,4.1,14.8,2.0,1.5,0.972,0.302,133.43,142.2,1.32,4833.5,-282.9,282.9,DM42oh,11.69,3.23,True,0.7916,DBSCAN cluster discovery candidate
KIWA_T005,5,k7uaz_20260322,KIWA,2026-03-22T20:02:14Z,KIWA20260322_200214_V06,KIWA_20260322_200214_170,32.437712,-110.812751,5336.7,3,5.5,3.33,5.2,-4.17,4.83,1.052,0.25,124.12,139.6,1.85,5387.0,-50.3,50.3,DM42pi,19.02,13.33,True,0.7522,DBSCAN cluster discovery candidate
KIWA_T006,6,k7uaz_20260322,KIWA,2026-03-22T19:26:39Z,KIWA20260322_192639_V06,KIWA_20260322_192639_300,32.255364,-110.839702,2843.5,2,1.5,0.5,1.4,,,,0.125,138.75,145.7,0.53,2807.1,36.4,36.4,DM42ng,5.07,3.21,True,0.8174,DBSCAN cluster discovery candidate
KIWA_T006,6,k7uaz_20260322,KIWA,2026-03-22T19:33:45Z,KIWA20260322_193345_V06,KIWA_20260322_193345_321,32.256827,-110.856321,2818.0,2,1.0,0.75,1.0,,,0.98,0.125,137.75,146.2,0.53,3328.5,-510.5,510.5,DM42ng,4.81,2.34,True,0.7211,DBSCAN cluster discovery candidate
KIWA_T006,6,k7uaz_20260322,KIWA,2026-03-22T19:40:52Z,KIWA20260322_194052_V06,KIWA_20260322_194052_461,32.257,-110.85654,3768.0,2,2.5,1.75,2.4,,,1.013,0.125,137.75,146.3,0.92,3837.7,-69.7,69.7,DM42ng,11.05,2.31,True,0.7866,DBSCAN cluster discovery candidate
KIWA_T006,6,k7uaz_20260322,KIWA,2026-03-22T19:48:00Z,KIWA20260322_194800_V06,KIWA_20260322_194800_440,32.299578,-110.859639,4098.2,12,12.0,5.0,11.4,,,0.977,0.916,133.67,145.2,1.12,4280.0,-181.8,181.8,DM42ng,15.14,2.02,True,0.6762,DBSCAN cluster discovery candidate
KIWA_T006,6,k7uaz_20260322,KIWA,2026-03-22T19:55:07Z,KIWA20260322_195507_V06,KIWA_20260322_195507_378,32.338281,-110.800838,4550.6,5,17.0,4.1,14.8,2.0,1.5,0.972,0.302,133.43,142.2,1.32,4833.5,-282.9,282.9,DM42oh,11.69,3.23,True,0.7916,DBSCAN cluster discovery candidate
KIWA_T006,6,k7uaz_20260322,KIWA,2026-03-22T20:02:14Z,KIWA20260322_200214_V06,KIWA_20260322_200214_170,32.437712,-110.812751,5336.7,3,5.5,3.33,5.2,-4.17,4.83,1.052,0.25,124.12,139.6,1.85,5387.0,-50.3,50.3,DM42pi,19.02,13.33,True,0.7522,DBSCAN cluster discovery candidate
KIWA_T007,7,k7uaz_20260322,KIWA,2026-03-22T19:26:39Z,KIWA20260322_192639_V06,KIWA_20260322_192639_300,32.255364,-110.839702,2843.5,2,1.5,0.5,1.4,,,,0.125,138.75,145.7,0.53,2807.1,36.4,36.4,DM42ng,5.07,3.21,True,0.8174,DBSCAN cluster discovery candidate
KIWA_T007,7,k7uaz_20260322,KIWA,2026-03-22T19:33:45Z,KIWA20260322_193345_V06,KIWA_20260322_193345_321,32.256827,-110.856321,2818.0,2,1.0,0.75,1.0,,,0.98,0.125,137.75,146.2,0.53,3328.5,-510.5,510.5,DM42ng,4.81,2.34,True,0.7211,DBSCAN cluster discovery candidate
KIWA_T007,7,k7uaz_20260322,KIWA,2026-03-22T19:40:52Z,KIWA20260322_194052_V06,KIWA_20260322_194052_461,32.257,-110.85654,3768.0,2,2.5,1.75,2.4,,,1.013,0.125,137.75,146.3,0.92,3837.7,-69.7,69.7,DM42ng,11.05,2.31,True,0.7866,DBSCAN cluster discovery candidate
KIWA_T007,7,k7uaz_20260322,KIWA,2026-03-22T19:48:00Z,KIWA20260322_194800_V06,KIWA_20260322_194800_440,32.299578,-110.859639,4098.2,12,12.0,5.0,11.4,,,0.977,0.916,133.67,145.2,1.12,4280.0,-181.8,181.8,DM42ng,15.14,2.02,True,0.6762,DBSCAN cluster discovery candidate
KIWA_T007,7,k7uaz_20260322,KIWA,2026-03-22T19:55:07Z,KIWA20260322_195507_V06,KIWA_20260322_195507_376,32.34509,-110.791223,4548.7,6,13.5,3.5,11.8,2.5,,0.905,0.253,133.38,141.7,1.32,4833.5,-284.8,284.8,DM42oh,10.75,3.42,True,0.7734,DBSCAN cluster discovery candidate
KIWA_T007,7,k7uaz_20260322,KIWA,2026-03-22T20:02:14Z,KIWA20260322_200214_V06,KIWA_20260322_200214_169,32.466688,-110.749812,5407.0,3,4.5,3.83,4.5,-1.83,4.33,1.052,0.25,125.62,136.5,1.85,5387.0,20.0,20.0,DM42pi,16.93,13.52,True,0.763,DBSCAN cluster discovery candidate
KIWA_T007,7,k7uaz_20260322,KIWA,2026-03-22T20:16:28Z,KIWA20260322_201628_V06,KIWA_20260322_201628_019,32.566172,-110.739933,6346.5,2,9.5,9.0,9.4,-0.5,1.0,0.998,0.125,118.5,132.6,2.46,6494.1,-147.6,147.6,DM42pi,29.68,24.23,True,0.7179,DBSCAN cluster discovery candidate
KIWA_T008,8,k7uaz_20260322,KIWA,2026-03-22T19:26:39Z,KIWA20260322_192639_V06,KIWA_20260322_192639_324,32.19818,-110.93447,2863.0,2,4.5,2.75,4.3,,,1.022,0.125,139.5,150.2,0.53,2807.1,55.9,55.9,DM42mg,8.98,8.0,True,0.8111,DBSCAN cluster discovery candidate
KIWA_T008,8,k7uaz_20260322,KIWA,2026-03-22T19:33:45Z,KIWA20260322_193345_V06,KIWA_20260322_193345_338,32.199746,-110.920461,2875.5,2,1.0,-0.25,0.9,,,1.052,0.125,140.0,149.7,0.53,3328.5,-453.0,453.0,DM42mg,13.52,7.82,True,0.689,DBSCAN cluster discovery candidate
KIWA_T008,8,k7uaz_20260322,KIWA,2026-03-22T19:40:52Z,KIWA20260322_194052_V06,KIWA_20260322_194052_461,32.257,-110.85654,3768.0,2,2.5,1.75,2.4,,,1.013,0.125,137.75,146.3,0.92,3837.7,-69.7,69.7,DM42ng,11.05,2.31,True,0.7866,DBSCAN cluster discovery candidate
KIWA_T008,8,k7uaz_20260322,KIWA,2026-03-22T19:48:00Z,KIWA20260322_194800_V06,KIWA_20260322_194800_519,32.315397,-110.827107,4573.0,4,6.0,3.75,6.0,,,1.007,0.129,134.0,143.7,1.32,4280.0,293.0,293.0,DM42oh,11.66,2.16,True,0.7461,DBSCAN cluster discovery candidate
KIWA_T008,8,k7uaz_20260322,KIWA,2026-03-22T19:55:07Z,KIWA20260322_195507_V06,KIWA_20260322_195507_376,32.34509,-110.791223,4548.7,6,13.5,3.5,11.8,2.5,,0.905,0.253,133.38,141.7,1.32,4833.5,-284.8,284.8,DM42oh,10.75,3.42,True,0.7734,DBSCAN cluster discovery candidate
KIWA_T008,8,k7uaz_20260322,KIWA,2026-03-22T20:02:14Z,KIWA20260322_200214_V06,KIWA_20260322_200214_169,32.466688,-110.749812,5407.0,3,4.5,3.83,4.5,-1.83,4.33,1.052,0.25,125.62,136.5,1.85,5387.0,20.0,20.0,DM42pi,16.93,13.52,True,0.763,DBSCAN cluster discovery candidate
KIWA_T008,8,k7uaz_20260322,KIWA,2026-03-22T20:16:28Z,KIWA20260322_201628_V06,KIWA_20260322_201628_019,32.566172,-110.739933,6346.5,2,9.5,9.0,9.4,-0.5,1.0,0.998,0.125,118.5,132.6,2.46,6494.1,-147.6,147.6,DM42pi,29.68,24.23,True,0.7179,DBSCAN cluster discovery candidate
KIWA_T009,9,k7uaz_20260322,KIWA,2026-03-22T19:26:39Z,KIWA20260322_192639_V06,KIWA_20260322_192639_324,32.19818,-110.93447,2863.0,2,4.5,2.75,4.3,,,1.022,0.125,139.5,150.2,0.53,2807.1,55.9,55.9,DM42mg,8.98,8.0,True,0.8111,DBSCAN cluster discovery candidate
KIWA_T009,9,k7uaz_20260322,KIWA,2026-03-22T19:33:45Z,KIWA20260322_193345_V06,KIWA_20260322_193345_338,32.199746,-110.920461,2875.5,2,1.0,-0.25,0.9,,,1.052,0.125,140.0,149.7,0.53,3328.5,-453.0,453.0,DM42mg,13.52,7.82,True,0.689,DBSCAN cluster discovery candidate
KIWA_T009,9,k7uaz_20260322,KIWA,2026-03-22T19:40:52Z,KIWA20260322_194052_V06,KIWA_20260322_194052_463,32.25114,-110.867186,3768.0,2,6.0,4.0,5.8,,,1.052,0.125,137.75,146.7,0.92,3837.7,-69.7,69.7,DM42ng,12.24,2.42,True,0.8007,DBSCAN cluster discovery candidate
KIWA_T009,9,k7uaz_20260322,KIWA,2026-03-22T19:48:00Z,KIWA20260322_194800_V06,KIWA_20260322_194800_519,32.315397,-110.827107,4573.0,4,6.0,3.75,6.0,,,1.007,0.129,134.0,143.7,1.32,4280.0,293.0,293.0,DM42oh,11.66,2.16,True,0.7461,DBSCAN cluster discovery candidate
KIWA_T009,9,k7uaz_20260322,KIWA,2026-03-22T19:55:07Z,KIWA20260322_195507_V06,KIWA_20260322_195507_376,32.34509,-110.791223,4548.7,6,13.5,3.5,11.8,2.5,,0.905,0.253,133.38,141.7,1.32,4833.5,-284.8,284.8,DM42oh,10.75,3.42,True,0.7734,DBSCAN cluster discovery candidate
KIWA_T009,9,k7uaz_20260322,KIWA,2026-03-22T20:02:14Z,KIWA20260322_200214_V06,KIWA_20260322_200214_170,32.437712,-110.812751,5336.7,3,5.5,3.33,5.2,-4.17,4.83,1.052,0.25,124.12,139.6,1.85,5387.0,-50.3,50.3,DM42pi,19.02,13.33,True,0.7522,DBSCAN cluster discovery candidate
KIWA_T010,10,k7uaz_20260322,KIWA,2026-03-22T19:26:39Z,KIWA20260322_192639_V06,KIWA_20260322_192639_316,32.2366,-110.901571,2808.7,3,0.5,0.17,0.5,,,,0.25,137.38,148.2,0.53,2807.1,1.6,1.6,DM42ng,3.85,3.72,True,0.8092,DBSCAN cluster discovery candidate
KIWA_T010,10,k7uaz_20260322,KIWA,2026-03-22T19:33:45Z,KIWA20260322_193345_V06,KIWA_20260322_193345_328,32.241398,-110.905025,2792.0,2,2.0,0.25,1.8,,,,0.125,136.75,148.2,0.53,3328.5,-536.5,536.5,DM42ng,9.22,3.18,True,0.6995,DBSCAN cluster discovery candidate
KIWA_T010,10,k7uaz_20260322,KIWA,2026-03-22T19:40:52Z,KIWA20260322_194052_V06,KIWA_20260322_194052_462,32.278406,-110.887169,3653.8,9,11.5,4.72,11.1,-2.0,,0.871,0.558,134.18,146.7,0.92,3837.7,-183.9,183.9,DM42ng,12.26,0.94,True,0.7329,DBSCAN cluster discovery candidate
KIWA_T010,10,k7uaz_20260322,KIWA,2026-03-22T19:48:00Z,KIWA20260322_194800_V06,KIWA_20260322_194800_519,32.315397,-110.827107,4573.0,4,6.0,3.75,6.0,,,1.007,0.129,134.0,143.7,1.32,4280.0,293.0,293.0,DM42oh,11.66,2.16,True,0.7461,DBSCAN cluster discovery candidate
KIWA_T010,10,k7uaz_20260322,KIWA,2026-03-22T19:55:07Z,KIWA20260322_195507_V06,KIWA_20260322_195507_378,32.338281,-110.800838,4550.6,5,17.0,4.1,14.8,2.0,1.5,0.972,0.302,133.43,142.2,1.32,4833.5,-282.9,282.9,DM42oh,11.69,3.23,True,0.7916,DBSCAN cluster discovery candidate
KIWA_T010,10,k7uaz_20260322,KIWA,2026-03-22T20:02:14Z,KIWA20260322_200214_V06,KIWA_20260322_200214_169,32.466688,-110.749812,5407.0,3,4.5,3.83,4.5,-1.83,4.33,1.052,0.25,125.62,136.5,1.85,5387.0,20.0,20.0,DM42pi,16.93,13.52,True,0.763,DBSCAN cluster discovery candidate
KIWA_T010,10,k7uaz_20260322,KIWA,2026-03-22T20:16:28Z,KIWA20260322_201628_V06,KIWA_20260322_201628_019,32.566172,-110.739933,6346.5,2,9.5,9.0,9.4,-0.5,1.0,0.998,0.125,118.5,132.6,2.46,6494.1,-147.6,147.6,DM42pi,29.68,24.23,True,0.7179,DBSCAN cluster discovery candidate
